Catchment,Link,Routing
SC #194,link for catchment SC #194,Laurenson Flow Routing
SC #191,link for catchment SC #191,Laurenson Flow Routing
SC #207,link for catchment SC #207,Laurenson Flow Routing
SC #231,link for catchment SC #231,Laurenson Flow Routing
SC #217,link for catchment SC #217,Laurenson Flow Routing
SC #242,link for catchment SC #242,Laurenson Flow Routing
SC #282,link for catchment SC #282,Laurenson Flow Routing
SC #280,link for catchment SC #280,Laurenson Flow Routing
SC #290,link for catchment SC #290,Laurenson Flow Routing
SC #256,link for catchment SC #256,Laurenson Flow Routing
SC #285,link for catchment SC #285,Laurenson Flow Routing
SC #254,link for catchment SC #254,Laurenson Flow Routing
SC #228,link for catchment SC #228,Laurenson Flow Routing
SC #203,link for catchment SC #203,Laurenson Flow Routing
SC #281,link for catchment SC #281,Laurenson Flow Routing
SC #353,link for catchment SC #353,Laurenson Flow Routing
SC #410,link for catchment SC #410,Laurenson Flow Routing
SC #431,link for catchment SC #431,Laurenson Flow Routing
SC #427,link for catchment SC #427,Laurenson Flow Routing
SC #432,link for catchment SC #432,Laurenson Flow Routing
SC #406,link for catchment SC #406,Laurenson Flow Routing
SC #371,link for catchment SC #371,Laurenson Flow Routing
SC #389,link for catchment SC #389,Laurenson Flow Routing
SC #380,link for catchment SC #380,Laurenson Flow Routing
SC #339,link for catchment SC #339,Laurenson Flow Routing
SC #376,link for catchment SC #376,Laurenson Flow Routing
SC #296,link for catchment SC #296,Laurenson Flow Routing
SC #366,link for catchment SC #366,Laurenson Flow Routing
SC #349,link for catchment SC #349,Laurenson Flow Routing
SC #338,link for catchment SC #338,Laurenson Flow Routing
SC #347,link for catchment SC #347,Laurenson Flow Routing
SC #321,link for catchment SC #321,Laurenson Flow Routing
SC #340,link for catchment SC #340,Laurenson Flow Routing
SC #343,link for catchment SC #343,Laurenson Flow Routing
SC #297,link for catchment SC #297,Laurenson Flow Routing
SC #288,link for catchment SC #288,Laurenson Flow Routing
SC #312,link for catchment SC #312,Laurenson Flow Routing
SC #277,link for catchment SC #277,Laurenson Flow Routing
SC #299,link for catchment SC #299,Laurenson Flow Routing
SC #298,link for catchment SC #298,Laurenson Flow Routing
SC #386,link for catchment SC #386,Laurenson Flow Routing
SC #405,link for catchment SC #405,Laurenson Flow Routing
SC #404,link for catchment SC #404,Laurenson Flow Routing
SC #383,link for catchment SC #383,Laurenson Flow Routing
SC #400,link for catchment SC #400,Laurenson Flow Routing
SC #407,Clare_weir,Storage
SC #468,link for catchment SC #468,Laurenson Flow Routing
SC #455,link for catchment SC #455,Laurenson Flow Routing
SC #489,link for catchment SC #489,Laurenson Flow Routing
SC #510,link for catchment SC #510,Laurenson Flow Routing
SC #490,link for catchment SC #490,Laurenson Flow Routing
SC #430,link for catchment SC #430,Laurenson Flow Routing
SC #465,link for catchment SC #465,Laurenson Flow Routing
SC #514,link for catchment SC #514,Laurenson Flow Routing
SC #511,link for catchment SC #511,Laurenson Flow Routing
SC #539,link for catchment SC #539,Laurenson Flow Routing
SC #528,link for catchment SC #528,Laurenson Flow Routing
SC #566,link for catchment SC #566,Laurenson Flow Routing
SC #506,link for catchment SC #506,Laurenson Flow Routing
SC #549,link for catchment SC #549,Laurenson Flow Routing
SC #532,link for catchment SC #532,Laurenson Flow Routing
SC #562,link for catchment SC #562,Laurenson Flow Routing
SC #573,link for catchment SC #573,Laurenson Flow Routing
SC #550,link for catchment SC #550,Laurenson Flow Routing
SC #575,link for catchment SC #575,Laurenson Flow Routing
SC #592,link for catchment SC #592,Laurenson Flow Routing
SC #621,link for catchment SC #621,Laurenson Flow Routing
SC #639,link for catchment SC #639,Laurenson Flow Routing
SC #604,link for catchment SC #604,Laurenson Flow Routing
SC #579,link for catchment SC #579,Laurenson Flow Routing
SC #572,link for catchment SC #572,Laurenson Flow Routing
SC #578,link for catchment SC #578,Laurenson Flow Routing
SC #583,link for catchment SC #583,Laurenson Flow Routing
SC #577,link for catchment SC #577,Laurenson Flow Routing
SC #521,link for catchment SC #521,Laurenson Flow Routing
SC #538,link for catchment SC #538,Laurenson Flow Routing
SC #535,link for catchment SC #535,Laurenson Flow Routing
SC #569,link for catchment SC #569,Laurenson Flow Routing
SC #570,link for catchment SC #570,Laurenson Flow Routing
SC #585,link for catchment SC #585,Laurenson Flow Routing
SC #605,link for catchment SC #605,Laurenson Flow Routing
SC #606,link for catchment SC #606,Laurenson Flow Routing
SC #620,link for catchment SC #620,Laurenson Flow Routing
SC #631,link for catchment SC #631,Laurenson Flow Routing
SC #627,link for catchment SC #627,Laurenson Flow Routing
SC #617,link for catchment SC #617,Laurenson Flow Routing
SC #647,link for catchment SC #647,Laurenson Flow Routing
SC #653,link for catchment SC #653,Laurenson Flow Routing
SC #687,link for catchment SC #687,Laurenson Flow Routing
SC #649,link for catchment SC #649,Laurenson Flow Routing
SC #678,link for catchment SC #678,Laurenson Flow Routing
SC #690,link for catchment SC #690,Laurenson Flow Routing
SC #638,link for catchment SC #638,Laurenson Flow Routing
SC #675,link for catchment SC #675,Laurenson Flow Routing
SC #637,link for catchment SC #637,Laurenson Flow Routing
SC #702,link for catchment SC #702,Laurenson Flow Routing
SC #682,link for catchment SC #682,Laurenson Flow Routing
SC #694,link for catchment SC #694,Laurenson Flow Routing
SC #700,link for catchment SC #700,Laurenson Flow Routing
SC #714,link for catchment SC #714,Laurenson Flow Routing
SC #716,link for catchment SC #716,Laurenson Flow Routing
SC #718,link for catchment SC #718,Laurenson Flow Routing
SC #709,link for catchment SC #709,Laurenson Flow Routing
SC #673,link for catchment SC #673,Laurenson Flow Routing
SC #703,link for catchment SC #703,Laurenson Flow Routing
SC #730,link for catchment SC #730,Laurenson Flow Routing
SC #733,link for catchment SC #733,Laurenson Flow Routing
SC #786,link for catchment SC #786,Laurenson Flow Routing
SC #775,link for catchment SC #775,Laurenson Flow Routing
SC #803,link for catchment SC #803,Laurenson Flow Routing
SC #805,link for catchment SC #805,Laurenson Flow Routing
SC #773,link for catchment SC #773,Laurenson Flow Routing
SC #712,link for catchment SC #712,Laurenson Flow Routing
SC #796,link for catchment SC #796,Laurenson Flow Routing
SC #826,link for catchment SC #826,Laurenson Flow Routing
SC #834,link for catchment SC #834,Laurenson Flow Routing
SC #719,link for catchment SC #719,Laurenson Flow Routing
SC #755,link for catchment SC #755,Laurenson Flow Routing
SC #824,link for catchment SC #824,Laurenson Flow Routing
SC #843,link for catchment SC #843,Laurenson Flow Routing
SC #837,link for catchment SC #837,Laurenson Flow Routing
SC #783,link for catchment SC #783,Laurenson Flow Routing
SC #743,link for catchment SC #743,Laurenson Flow Routing
SC #827,link for catchment SC #827,Laurenson Flow Routing
SC #856,link for catchment SC #856,Laurenson Flow Routing
SC #872,link for catchment SC #872,Laurenson Flow Routing
SC #893,link for catchment SC #893,Laurenson Flow Routing
SC #839,link for catchment SC #839,Laurenson Flow Routing
SC #890,link for catchment SC #890,Laurenson Flow Routing
SC #902,link for catchment SC #902,Laurenson Flow Routing
SC #925,link for catchment SC #925,Laurenson Flow Routing
SC #914,link for catchment SC #914,Laurenson Flow Routing
SC #940,link for catchment SC #940,Laurenson Flow Routing
SC #924,link for catchment SC #924,Laurenson Flow Routing
SC #969,link for catchment SC #969,Laurenson Flow Routing
SC #972,link for catchment SC #972,Laurenson Flow Routing
SC #885,link for catchment SC #885,Laurenson Flow Routing
SC #842,link for catchment SC #842,Laurenson Flow Routing
SC #873,link for catchment SC #873,Laurenson Flow Routing
SC #875,link for catchment SC #875,Laurenson Flow Routing
SC #886,link for catchment SC #886,Laurenson Flow Routing
SC #923,link for catchment SC #923,Laurenson Flow Routing
SC #945,link for catchment SC #945,Laurenson Flow Routing
SC #959,link for catchment SC #959,Laurenson Flow Routing
SC #991,link for catchment SC #991,Laurenson Flow Routing
SC #992,link for catchment SC #992,Laurenson Flow Routing
SC #1006,link for catchment SC #1006,Laurenson Flow Routing
SC #1021,link for catchment SC #1021,Laurenson Flow Routing
SC #1014,link for catchment SC #1014,Laurenson Flow Routing
SC #993,link for catchment SC #993,Laurenson Flow Routing
SC #926,link for catchment SC #926,Laurenson Flow Routing
SC #864,link for catchment SC #864,Laurenson Flow Routing
SC #820,link for catchment SC #820,Laurenson Flow Routing
SC #823,link for catchment SC #823,Laurenson Flow Routing
SC #836,link for catchment SC #836,Laurenson Flow Routing
SC #862,link for catchment SC #862,Laurenson Flow Routing
SC #859,link for catchment SC #859,Laurenson Flow Routing
SC #871,link for catchment SC #871,Laurenson Flow Routing
SC #887,link for catchment SC #887,Laurenson Flow Routing
SC #947,link for catchment SC #947,Laurenson Flow Routing
SC #952,link for catchment SC #952,Laurenson Flow Routing
SC #989,link for catchment SC #989,Laurenson Flow Routing
SC #987,link for catchment SC #987,Laurenson Flow Routing
SC #995,link for catchment SC #995,Laurenson Flow Routing
SC #980,link for catchment SC #980,Laurenson Flow Routing
SC #892,link for catchment SC #892,Laurenson Flow Routing
SC #866,link for catchment SC #866,Laurenson Flow Routing
SC #819,link for catchment SC #819,Laurenson Flow Routing
SC #861,link for catchment SC #861,Laurenson Flow Routing
SC #860,link for catchment SC #860,Laurenson Flow Routing
SC #818,link for catchment SC #818,Laurenson Flow Routing
SC #880,link for catchment SC #880,Laurenson Flow Routing
SC #901,link for catchment SC #901,Laurenson Flow Routing
SC #793,link for catchment SC #793,Laurenson Flow Routing
SC #811,link for catchment SC #811,Laurenson Flow Routing
SC #810,link for catchment SC #810,Laurenson Flow Routing
SC #835,link for catchment SC #835,Laurenson Flow Routing
SC #821,link for catchment SC #821,Laurenson Flow Routing
SC #731,link for catchment SC #731,Laurenson Flow Routing
SC #763,link for catchment SC #763,Laurenson Flow Routing
SC #771,link for catchment SC #771,Laurenson Flow Routing
SC #772,link for catchment SC #772,Laurenson Flow Routing
SC #762,link for catchment SC #762,Laurenson Flow Routing
SC #717,link for catchment SC #717,Laurenson Flow Routing
SC #695,link for catchment SC #695,Laurenson Flow Routing
SC #670,link for catchment SC #670,Laurenson Flow Routing
SC #738,link for catchment SC #738,Laurenson Flow Routing
SC #742,link for catchment SC #742,Laurenson Flow Routing
SC #739,link for catchment SC #739,Laurenson Flow Routing
SC #744,link for catchment SC #744,Laurenson Flow Routing
SC #767,link for catchment SC #767,Laurenson Flow Routing
SC #766,link for catchment SC #766,Laurenson Flow Routing
SC #725,link for catchment SC #725,Laurenson Flow Routing
SC #747,link for catchment SC #747,Laurenson Flow Routing
SC #770,link for catchment SC #770,Laurenson Flow Routing
SC #761,link for catchment SC #761,Laurenson Flow Routing
SC #769,link for catchment SC #769,Laurenson Flow Routing
SC #732,link for catchment SC #732,Laurenson Flow Routing
SC #748,link for catchment SC #748,Laurenson Flow Routing
SC #759,link for catchment SC #759,Laurenson Flow Routing
SC #806,link for catchment SC #806,Laurenson Flow Routing
SC #840,link for catchment SC #840,Laurenson Flow Routing
SC #789,link for catchment SC #789,Laurenson Flow Routing
SC #838,link for catchment SC #838,Laurenson Flow Routing
SC #879,link for catchment SC #879,Laurenson Flow Routing
SC #900,link for catchment SC #900,Laurenson Flow Routing
SC #813,link for catchment SC #813,Laurenson Flow Routing
SC #858,link for catchment SC #858,Laurenson Flow Routing
SC #808,link for catchment SC #808,Laurenson Flow Routing
SC #794,link for catchment SC #794,Laurenson Flow Routing
SC #904,link for catchment SC #904,Laurenson Flow Routing
SC #877,link for catchment SC #877,Laurenson Flow Routing
SC #852,link for catchment SC #852,Laurenson Flow Routing
SC #802,link for catchment SC #802,Laurenson Flow Routing
SC #768,link for catchment SC #768,Laurenson Flow Routing
SC #792,link for catchment SC #792,Laurenson Flow Routing
SC #825,link for catchment SC #825,Laurenson Flow Routing
SC #851,link for catchment SC #851,Laurenson Flow Routing
SC #854,link for catchment SC #854,Laurenson Flow Routing
SC #882,link for catchment SC #882,Laurenson Flow Routing
SC #905,link for catchment SC #905,Laurenson Flow Routing
SC #921,link for catchment SC #921,Laurenson Flow Routing
SC #944,link for catchment SC #944,Laurenson Flow Routing
SC #955,link for catchment SC #955,Laurenson Flow Routing
SC #958,link for catchment SC #958,Laurenson Flow Routing
SC #982,link for catchment SC #982,Laurenson Flow Routing
SC #986,link for catchment SC #986,Laurenson Flow Routing
SC #1010,link for catchment SC #1010,Laurenson Flow Routing
SC #1017,link for catchment SC #1017,Laurenson Flow Routing
SC #1028,link for catchment SC #1028,Laurenson Flow Routing
SC #1009,link for catchment SC #1009,Laurenson Flow Routing
SC #977,link for catchment SC #977,Laurenson Flow Routing
SC #965,link for catchment SC #965,Laurenson Flow Routing
SC #1029,link for catchment SC #1029,Laurenson Flow Routing
SC #1034,link for catchment SC #1034,Laurenson Flow Routing
SC #1054,link for catchment SC #1054,Laurenson Flow Routing
SC #1053,link for catchment SC #1053,Laurenson Flow Routing
SC #1066,link for catchment SC #1066,Laurenson Flow Routing
SC #1076,link for catchment SC #1076,Laurenson Flow Routing
SC #1061,link for catchment SC #1061,Laurenson Flow Routing
SC #1013,link for catchment SC #1013,Laurenson Flow Routing
SC #1018,link for catchment SC #1018,Laurenson Flow Routing
SC #997,link for catchment SC #997,Laurenson Flow Routing
SC #936,link for catchment SC #936,Laurenson Flow Routing
SC #897,link for catchment SC #897,Laurenson Flow Routing
SC #884,link for catchment SC #884,Laurenson Flow Routing
SC #845,link for catchment SC #845,Laurenson Flow Routing
SC #870,link for catchment SC #870,Laurenson Flow Routing
SC #855,link for catchment SC #855,Laurenson Flow Routing
SC #878,link for catchment SC #878,Laurenson Flow Routing
SC #906,link for catchment SC #906,Laurenson Flow Routing
SC #934,link for catchment SC #934,Laurenson Flow Routing
SC #922,link for catchment SC #922,Laurenson Flow Routing
SC #949,link for catchment SC #949,Laurenson Flow Routing
SC #960,link for catchment SC #960,Laurenson Flow Routing
SC #1020,link for catchment SC #1020,Laurenson Flow Routing
SC #1065,link for catchment SC #1065,Laurenson Flow Routing
SC #1077,link for catchment SC #1077,Laurenson Flow Routing
SC #1027,link for catchment SC #1027,Laurenson Flow Routing
SC #975,link for catchment SC #975,Laurenson Flow Routing
SC #976,link for catchment SC #976,Laurenson Flow Routing
SC #1067,link for catchment SC #1067,Laurenson Flow Routing
SC #1049,link for catchment SC #1049,Laurenson Flow Routing
SC #1007,link for catchment SC #1007,Laurenson Flow Routing
SC #1037,link for catchment SC #1037,Laurenson Flow Routing
SC #1071,link for catchment SC #1071,Laurenson Flow Routing
SC #1081,link for catchment SC #1081,Laurenson Flow Routing
SC #1086,link for catchment SC #1086,Laurenson Flow Routing
SC #1064,link for catchment SC #1064,Laurenson Flow Routing
SC #1073,link for catchment SC #1073,Laurenson Flow Routing
SC #1080,link for catchment SC #1080,Laurenson Flow Routing
SC #1088,link for catchment SC #1088,Laurenson Flow Routing
SC #1100,link for catchment SC #1100,Laurenson Flow Routing
SC #1115,link for catchment SC #1115,Laurenson Flow Routing
SC #1093,link for catchment SC #1093,Laurenson Flow Routing
SC #1138,link for catchment SC #1138,Laurenson Flow Routing
SC #1125,link for catchment SC #1125,Laurenson Flow Routing
SC #1089,link for catchment SC #1089,Laurenson Flow Routing
SC #1092,link for catchment SC #1092,Laurenson Flow Routing
SC #1142,link for catchment SC #1142,Laurenson Flow Routing
SC #1131,link for catchment SC #1131,Laurenson Flow Routing
SC #1112,link for catchment SC #1112,Laurenson Flow Routing
SC #1129,link for catchment SC #1129,Laurenson Flow Routing
SC #1121,link for catchment SC #1121,Laurenson Flow Routing
SC #1082,link for catchment SC #1082,Laurenson Flow Routing
SC #1107,link for catchment SC #1107,Laurenson Flow Routing
SC #1083,link for catchment SC #1083,Laurenson Flow Routing
SC #1069,link for catchment SC #1069,Laurenson Flow Routing
SC #1060,link for catchment SC #1060,Laurenson Flow Routing
SC #1074,link for catchment SC #1074,Laurenson Flow Routing
SC #1118,link for catchment SC #1118,Laurenson Flow Routing
SC #1149,link for catchment SC #1149,Laurenson Flow Routing
SC #1154,link for catchment SC #1154,Laurenson Flow Routing
SC #1156,link for catchment SC #1156,Laurenson Flow Routing
SC #1128,link for catchment SC #1128,Laurenson Flow Routing
SC #1161,link for catchment SC #1161,Laurenson Flow Routing
SC #1094,link for catchment SC #1094,Laurenson Flow Routing
SC #1079,link for catchment SC #1079,Laurenson Flow Routing
SC #1063,link for catchment SC #1063,Laurenson Flow Routing
SC #1041,link for catchment SC #1041,Laurenson Flow Routing
SC #1050,link for catchment SC #1050,Laurenson Flow Routing
SC #1035,link for catchment SC #1035,Laurenson Flow Routing
SC #966,link for catchment SC #966,Laurenson Flow Routing
SC #983,link for catchment SC #983,Laurenson Flow Routing
SC #932,link for catchment SC #932,Laurenson Flow Routing
SC #963,link for catchment SC #963,Laurenson Flow Routing
SC #931,link for catchment SC #931,Laurenson Flow Routing
SC #1011,link for catchment SC #1011,Laurenson Flow Routing
SC #1042,link for catchment SC #1042,Laurenson Flow Routing
SC #1075,link for catchment SC #1075,Laurenson Flow Routing
SC #1046,link for catchment SC #1046,Laurenson Flow Routing
SC #1036,link for catchment SC #1036,Laurenson Flow Routing
SC #1070,link for catchment SC #1070,Laurenson Flow Routing
SC #1078,link for catchment SC #1078,Laurenson Flow Routing
SC #1047,link for catchment SC #1047,Laurenson Flow Routing
SC #1151,link for catchment SC #1151,Laurenson Flow Routing
SC #1139,link for catchment SC #1139,Laurenson Flow Routing
SC #1132,link for catchment SC #1132,Laurenson Flow Routing
SC #1106,link for catchment SC #1106,Laurenson Flow Routing
SC #1108,link for catchment SC #1108,Laurenson Flow Routing
SC #1134,link for catchment SC #1134,Laurenson Flow Routing
SC #1135,link for catchment SC #1135,Laurenson Flow Routing
SC #1097,link for catchment SC #1097,Laurenson Flow Routing
SC #1099,link for catchment SC #1099,Laurenson Flow Routing
SC #1098,link for catchment SC #1098,Laurenson Flow Routing
SC #1122,link for catchment SC #1122,Laurenson Flow Routing
SC #1136,link for catchment SC #1136,Laurenson Flow Routing
SC #1153,link for catchment SC #1153,Laurenson Flow Routing
SC #1162,link for catchment SC #1162,Laurenson Flow Routing
SC #1170,link for catchment SC #1170,Laurenson Flow Routing
SC #1171,link for catchment SC #1171,Laurenson Flow Routing
SC #1181,link for catchment SC #1181,Laurenson Flow Routing
SC #1188,link for catchment SC #1188,Laurenson Flow Routing
SC #1166,link for catchment SC #1166,Laurenson Flow Routing
SC #1197,link for catchment SC #1197,Laurenson Flow Routing
SC #1198,link for catchment SC #1198,Laurenson Flow Routing
SC #1174,link for catchment SC #1174,Laurenson Flow Routing
SC #1157,link for catchment SC #1157,Laurenson Flow Routing
SC #1176,link for catchment SC #1176,Laurenson Flow Routing
SC #1203,link for catchment SC #1203,Laurenson Flow Routing
SC #1208,link for catchment SC #1208,Laurenson Flow Routing
SC #1185,link for catchment SC #1185,Laurenson Flow Routing
SC #1218,link for catchment SC #1218,Laurenson Flow Routing
SC #1225,link for catchment SC #1225,Laurenson Flow Routing
SC #1238,link for catchment SC #1238,Laurenson Flow Routing
SC #1234,link for catchment SC #1234,Laurenson Flow Routing
SC #1235,link for catchment SC #1235,Laurenson Flow Routing
SC #1248,link for catchment SC #1248,Laurenson Flow Routing
SC #1266,link for catchment SC #1266,Laurenson Flow Routing
SC #1265,link for catchment SC #1265,Laurenson Flow Routing
SC #1240,link for catchment SC #1240,Laurenson Flow Routing
SC #1252,link for catchment SC #1252,Laurenson Flow Routing
SC #1255,link for catchment SC #1255,Laurenson Flow Routing
SC #1239,link for catchment SC #1239,Laurenson Flow Routing
SC #1207,link for catchment SC #1207,Laurenson Flow Routing
SC #1194,link for catchment SC #1194,Laurenson Flow Routing
SC #1178,link for catchment SC #1178,Laurenson Flow Routing
SC #1160,link for catchment SC #1160,Laurenson Flow Routing
SC #1199,link for catchment SC #1199,Laurenson Flow Routing
SC #1250,link for catchment SC #1250,Laurenson Flow Routing
SC #1296,link for catchment SC #1296,Laurenson Flow Routing
SC #1306,link for catchment SC #1306,Laurenson Flow Routing
SC #1308,link for catchment SC #1308,Laurenson Flow Routing
SC #1319,link for catchment SC #1319,Laurenson Flow Routing
SC #1321,link for catchment SC #1321,Laurenson Flow Routing
SC #1325,link for catchment SC #1325,Laurenson Flow Routing
SC #1335,link for catchment SC #1335,Laurenson Flow Routing
SC #1326,link for catchment SC #1326,Laurenson Flow Routing
SC #1337,link for catchment SC #1337,Laurenson Flow Routing
SC #1340,link for catchment SC #1340,Laurenson Flow Routing
SC #1344,link for catchment SC #1344,Laurenson Flow Routing
SC #1334,link for catchment SC #1334,Laurenson Flow Routing
SC #1309,link for catchment SC #1309,Laurenson Flow Routing
SC #1301,link for catchment SC #1301,Laurenson Flow Routing
SC #1256,link for catchment SC #1256,Laurenson Flow Routing
SC #1272,link for catchment SC #1272,Laurenson Flow Routing
SC #1283,link for catchment SC #1283,Laurenson Flow Routing
SC #1298,link for catchment SC #1298,Laurenson Flow Routing
SC #1311,link for catchment SC #1311,Laurenson Flow Routing
SC #1318,link for catchment SC #1318,Laurenson Flow Routing
SC #1299,link for catchment SC #1299,Laurenson Flow Routing
SC #1284,link for catchment SC #1284,Laurenson Flow Routing
SC #1292,link for catchment SC #1292,Laurenson Flow Routing
SC #1290,link for catchment SC #1290,Laurenson Flow Routing
SC #1275,link for catchment SC #1275,Laurenson Flow Routing
SC #1280,link for catchment SC #1280,Laurenson Flow Routing
SC #1262,link for catchment SC #1262,Laurenson Flow Routing
SC #1210,link for catchment SC #1210,Laurenson Flow Routing
SC #1215,link for catchment SC #1215,Laurenson Flow Routing
SC #1187,link for catchment SC #1187,Laurenson Flow Routing
SC #1159,link for catchment SC #1159,Laurenson Flow Routing
SC #1124,link for catchment SC #1124,Laurenson Flow Routing
SC #1119,link for catchment SC #1119,Laurenson Flow Routing
SC #1090,link for catchment SC #1090,Laurenson Flow Routing
SC #1111,link for catchment SC #1111,Laurenson Flow Routing
SC #1120,link for catchment SC #1120,Laurenson Flow Routing
SC #1114,link for catchment SC #1114,Laurenson Flow Routing
SC #1127,link for catchment SC #1127,Laurenson Flow Routing
SC #1143,link for catchment SC #1143,Laurenson Flow Routing
SC #1145,link for catchment SC #1145,Laurenson Flow Routing
SC #1165,link for catchment SC #1165,Laurenson Flow Routing
SC #1180,link for catchment SC #1180,Laurenson Flow Routing
SC #1184,link for catchment SC #1184,Laurenson Flow Routing
SC #1190,link for catchment SC #1190,Laurenson Flow Routing
SC #1169,link for catchment SC #1169,Laurenson Flow Routing
SC #1193,link for catchment SC #1193,Laurenson Flow Routing
SC #1209,link for catchment SC #1209,Laurenson Flow Routing
SC #1228,link for catchment SC #1228,Laurenson Flow Routing
SC #1232,link for catchment SC #1232,Laurenson Flow Routing
SC #1242,link for catchment SC #1242,Laurenson Flow Routing
SC #1230,link for catchment SC #1230,Laurenson Flow Routing
SC #1254,link for catchment SC #1254,Laurenson Flow Routing
SC #1241,link for catchment SC #1241,Laurenson Flow Routing
SC #1247,link for catchment SC #1247,Laurenson Flow Routing
SC #1300,link for catchment SC #1300,Laurenson Flow Routing
SC #1289,link for catchment SC #1289,Laurenson Flow Routing
SC #1304,link for catchment SC #1304,Laurenson Flow Routing
SC #1314,link for catchment SC #1314,Laurenson Flow Routing
SC #1349,link for catchment SC #1349,Laurenson Flow Routing
SC #1341,link for catchment SC #1341,Laurenson Flow Routing
SC #1354,link for catchment SC #1354,Laurenson Flow Routing
SC #1362,link for catchment SC #1362,Laurenson Flow Routing
SC #1352,link for catchment SC #1352,Laurenson Flow Routing
SC #1366,link for catchment SC #1366,Laurenson Flow Routing
SC #1363,link for catchment SC #1363,Laurenson Flow Routing
SC #1351,link for catchment SC #1351,Laurenson Flow Routing
SC #1317,link for catchment SC #1317,Laurenson Flow Routing
SC #1346,link for catchment SC #1346,Laurenson Flow Routing
SC #1348,link for catchment SC #1348,Laurenson Flow Routing
SC #1302,link for catchment SC #1302,Laurenson Flow Routing
SC #1369,link for catchment SC #1369,Laurenson Flow Routing
SC #1373,link for catchment SC #1373,Laurenson Flow Routing
SC #1374,link for catchment SC #1374,Laurenson Flow Routing
SC #1377,link for catchment SC #1377,Laurenson Flow Routing
SC #1385,link for catchment SC #1385,Laurenson Flow Routing
SC #1372,link for catchment SC #1372,Laurenson Flow Routing
SC #1376,link for catchment SC #1376,Laurenson Flow Routing
SC #1384,link for catchment SC #1384,Laurenson Flow Routing
SC #1388,link for catchment SC #1388,Laurenson Flow Routing
SC #1381,link for catchment SC #1381,Laurenson Flow Routing
SC #1387,link for catchment SC #1387,Laurenson Flow Routing
SC #1400,link for catchment SC #1400,Laurenson Flow Routing
SC #1403,link for catchment SC #1403,Laurenson Flow Routing
SC #1407,link for catchment SC #1407,Laurenson Flow Routing
SC #1401,link for catchment SC #1401,Laurenson Flow Routing
SC #1412,link for catchment SC #1412,Laurenson Flow Routing
SC #1415,link for catchment SC #1415,Laurenson Flow Routing
SC #1417,link for catchment SC #1417,Laurenson Flow Routing
SC #1421,link for catchment SC #1421,Laurenson Flow Routing
SC #1432,link for catchment SC #1432,Laurenson Flow Routing
SC #1431,link for catchment SC #1431,Laurenson Flow Routing
SC #1425,link for catchment SC #1425,Laurenson Flow Routing
SC #1406,link for catchment SC #1406,Laurenson Flow Routing
SC #1386,link for catchment SC #1386,Laurenson Flow Routing
SC #1394,link for catchment SC #1394,Laurenson Flow Routing
SC #1389,link for catchment SC #1389,Laurenson Flow Routing
SC #1237,link for catchment SC #1237,Laurenson Flow Routing
SC #1261,link for catchment SC #1261,Laurenson Flow Routing
SC #1269,link for catchment SC #1269,Laurenson Flow Routing
SC #1271,link for catchment SC #1271,Laurenson Flow Routing
SC #1286,link for catchment SC #1286,Laurenson Flow Routing
SC #1297,link for catchment SC #1297,Laurenson Flow Routing
SC #1305,link for catchment SC #1305,Laurenson Flow Routing
SC #1303,link for catchment SC #1303,Laurenson Flow Routing
SC #1323,link for catchment SC #1323,Laurenson Flow Routing
SC #1327,link for catchment SC #1327,Laurenson Flow Routing
SC #1328,link for catchment SC #1328,Laurenson Flow Routing
SC #1332,link for catchment SC #1332,Laurenson Flow Routing
SC #1331,link for catchment SC #1331,Laurenson Flow Routing
SC #1322,link for catchment SC #1322,Laurenson Flow Routing
SC #1356,link for catchment SC #1356,Laurenson Flow Routing
SC #1360,link for catchment SC #1360,Laurenson Flow Routing
SC #1244,link for catchment SC #1244,Laurenson Flow Routing
SC #1276,link for catchment SC #1276,Laurenson Flow Routing
SC #1342,link for catchment SC #1342,Laurenson Flow Routing
SC #1345,link for catchment SC #1345,Laurenson Flow Routing
SC #1371,link for catchment SC #1371,Laurenson Flow Routing
SC #1370,link for catchment SC #1370,Laurenson Flow Routing
SC #1380,link for catchment SC #1380,Laurenson Flow Routing
SC #1383,link for catchment SC #1383,Laurenson Flow Routing
SC #1390,link for catchment SC #1390,Laurenson Flow Routing
SC #1395,link for catchment SC #1395,Laurenson Flow Routing
SC #1263,link for catchment SC #1263,Laurenson Flow Routing
SC #1202,link for catchment SC #1202,Laurenson Flow Routing
SC #1144,link for catchment SC #1144,Laurenson Flow Routing
SC #1152,link for catchment SC #1152,Laurenson Flow Routing
SC #1177,link for catchment SC #1177,Laurenson Flow Routing
SC #1200,link for catchment SC #1200,Laurenson Flow Routing
SC #1201,link for catchment SC #1201,Laurenson Flow Routing
SC #1206,link for catchment SC #1206,Laurenson Flow Routing
SC #1196,link for catchment SC #1196,Laurenson Flow Routing
SC #1216,link for catchment SC #1216,Laurenson Flow Routing
SC #1259,link for catchment SC #1259,Laurenson Flow Routing
SC #1258,link for catchment SC #1258,Laurenson Flow Routing
SC #1278,link for catchment SC #1278,Laurenson Flow Routing
SC #1279,link for catchment SC #1279,Laurenson Flow Routing
SC #1277,link for catchment SC #1277,Laurenson Flow Routing
SC #1294,link for catchment SC #1294,Laurenson Flow Routing
SC #1312,link for catchment SC #1312,Laurenson Flow Routing
SC #1316,link for catchment SC #1316,Laurenson Flow Routing
SC #1315,link for catchment SC #1315,Laurenson Flow Routing
SC #1330,link for catchment SC #1330,Laurenson Flow Routing
SC #1359,link for catchment SC #1359,Laurenson Flow Routing
SC #1357,link for catchment SC #1357,Laurenson Flow Routing
SC #1365,link for catchment SC #1365,Laurenson Flow Routing
SC #1379,link for catchment SC #1379,Laurenson Flow Routing
SC #1393,link for catchment SC #1393,Laurenson Flow Routing
SC #1397,link for catchment SC #1397,Laurenson Flow Routing
SC #1404,link for catchment SC #1404,Laurenson Flow Routing
SC #1398,link for catchment SC #1398,Laurenson Flow Routing
SC #1409,link for catchment SC #1409,Laurenson Flow Routing
SC #1391,link for catchment SC #1391,Laurenson Flow Routing
SC #1416,link for catchment SC #1416,Laurenson Flow Routing
SC #1413,link for catchment SC #1413,Laurenson Flow Routing
SC #1422,link for catchment SC #1422,Laurenson Flow Routing
SC #1419,link for catchment SC #1419,Laurenson Flow Routing
SC #1418,link for catchment SC #1418,Laurenson Flow Routing
SC #1433,link for catchment SC #1433,Laurenson Flow Routing
SC #1434,link for catchment SC #1434,Laurenson Flow Routing
SC #1435,link for catchment SC #1435,Laurenson Flow Routing
SC #1450,link for catchment SC #1450,Laurenson Flow Routing
SC #1452,link for catchment SC #1452,Laurenson Flow Routing
SC #1458,link for catchment SC #1458,Laurenson Flow Routing
SC #1456,link for catchment SC #1456,Laurenson Flow Routing
SC #1427,link for catchment SC #1427,Laurenson Flow Routing
SC #1438,link for catchment SC #1438,Laurenson Flow Routing
SC #1440,link for catchment SC #1440,Laurenson Flow Routing
SC #1454,link for catchment SC #1454,Laurenson Flow Routing
SC #1455,link for catchment SC #1455,Laurenson Flow Routing
SC #1462,link for catchment SC #1462,Laurenson Flow Routing
SC #1461,link for catchment SC #1461,Laurenson Flow Routing
SC #1464,link for catchment SC #1464,Laurenson Flow Routing
SC #1470,link for catchment SC #1470,Laurenson Flow Routing
SC #1471,link for catchment SC #1471,Laurenson Flow Routing
SC #1463,link for catchment SC #1463,Laurenson Flow Routing
SC #1476,link for catchment SC #1476,Laurenson Flow Routing
SC #1475,link for catchment SC #1475,Laurenson Flow Routing
SC #1484,link for catchment SC #1484,Laurenson Flow Routing
SC #1486,link for catchment SC #1486,Laurenson Flow Routing
SC #1493,link for catchment SC #1493,Laurenson Flow Routing
SC #1490,link for catchment SC #1490,Laurenson Flow Routing
SC #1489,link for catchment SC #1489,Laurenson Flow Routing
SC #1494,link for catchment SC #1494,Laurenson Flow Routing
SC #1497,link for catchment SC #1497,Laurenson Flow Routing
SC #1500,link for catchment SC #1500,Laurenson Flow Routing
SC #1501,link for catchment SC #1501,Laurenson Flow Routing
SC #1502,link for catchment SC #1502,Laurenson Flow Routing
SC #1507,link for catchment SC #1507,Laurenson Flow Routing
SC #1517,link for catchment SC #1517,Laurenson Flow Routing
SC #1512,link for catchment SC #1512,Laurenson Flow Routing
SC #1503,link for catchment SC #1503,Laurenson Flow Routing
SC #1514,link for catchment SC #1514,Laurenson Flow Routing
SC #1519,link for catchment SC #1519,Laurenson Flow Routing
SC #1518,link for catchment SC #1518,Laurenson Flow Routing
SC #1522,link for catchment SC #1522,Laurenson Flow Routing
SC #1523,link for catchment SC #1523,Laurenson Flow Routing
SC #1528,link for catchment SC #1528,Laurenson Flow Routing
SC #1534,link for catchment SC #1534,Laurenson Flow Routing
SC #1537,link for catchment SC #1537,Laurenson Flow Routing
SC #1539,link for catchment SC #1539,Laurenson Flow Routing
SC #1533,link for catchment SC #1533,Laurenson Flow Routing
SC #1541,link for catchment SC #1541,Laurenson Flow Routing
SC #1538,link for catchment SC #1538,Laurenson Flow Routing
SC #1515,link for catchment SC #1515,Laurenson Flow Routing
SC #1506,link for catchment SC #1506,Laurenson Flow Routing
SC #1439,link for catchment SC #1439,Laurenson Flow Routing
SC #1449,link for catchment SC #1449,Laurenson Flow Routing
SC #1447,link for catchment SC #1447,Laurenson Flow Routing
SC #1437,link for catchment SC #1437,Laurenson Flow Routing
SC #1414,link for catchment SC #1414,Laurenson Flow Routing
SC #1457,link for catchment SC #1457,Laurenson Flow Routing
SC #1466,link for catchment SC #1466,Laurenson Flow Routing
SC #1465,link for catchment SC #1465,Laurenson Flow Routing
SC #1474,link for catchment SC #1474,Laurenson Flow Routing
SC #1479,link for catchment SC #1479,Laurenson Flow Routing
SC #1483,link for catchment SC #1483,Laurenson Flow Routing
SC #1485,link for catchment SC #1485,Laurenson Flow Routing
SC #1488,link for catchment SC #1488,Laurenson Flow Routing
SC #1491,link for catchment SC #1491,Laurenson Flow Routing
SC #1496,link for catchment SC #1496,Laurenson Flow Routing
SC #1495,link for catchment SC #1495,Laurenson Flow Routing
SC #1505,link for catchment SC #1505,Laurenson Flow Routing
SC #1510,link for catchment SC #1510,Laurenson Flow Routing
SC #1513,link for catchment SC #1513,Laurenson Flow Routing
SC #1520,link for catchment SC #1520,Laurenson Flow Routing
SC #1521,link for catchment SC #1521,Laurenson Flow Routing
SC #1524,link for catchment SC #1524,Laurenson Flow Routing
SC #1525,link for catchment SC #1525,Laurenson Flow Routing
SC #1529,link for catchment SC #1529,Laurenson Flow Routing
SC #1531,link for catchment SC #1531,Laurenson Flow Routing
SC #1508,link for catchment SC #1508,Laurenson Flow Routing
SC #1492,link for catchment SC #1492,Laurenson Flow Routing
SC #1509,link for catchment SC #1509,Laurenson Flow Routing
SC #1516,link for catchment SC #1516,Laurenson Flow Routing
SC #1526,link for catchment SC #1526,Laurenson Flow Routing
SC #1527,link for catchment SC #1527,Laurenson Flow Routing
SC #1532,link for catchment SC #1532,Laurenson Flow Routing
SC #1535,link for catchment SC #1535,Laurenson Flow Routing
SC #1543,link for catchment SC #1543,Laurenson Flow Routing
SC #1544,link for catchment SC #1544,Laurenson Flow Routing
SC #1548,link for catchment SC #1548,Laurenson Flow Routing
SC #1549,link for catchment SC #1549,Laurenson Flow Routing
SC #1545,link for catchment SC #1545,Laurenson Flow Routing
SC #1552,link for catchment SC #1552,Laurenson Flow Routing
SC #1555,link for catchment SC #1555,Laurenson Flow Routing
SC #1556,link for catchment SC #1556,Laurenson Flow Routing
SC #1559,link for catchment SC #1559,Laurenson Flow Routing
SC #1557,link for catchment SC #1557,Laurenson Flow Routing
SC #1551,link for catchment SC #1551,Laurenson Flow Routing
SC #1554,link for catchment SC #1554,Laurenson Flow Routing
SC #1553,link for catchment SC #1553,Laurenson Flow Routing
SC #1560,link for catchment SC #1560,Laurenson Flow Routing
SC #1558,link for catchment SC #1558,Laurenson Flow Routing
SC #1550,link for catchment SC #1550,Laurenson Flow Routing
SC #1536,link for catchment SC #1536,Laurenson Flow Routing
SC #1542,link for catchment SC #1542,Laurenson Flow Routing
SC #1547,link for catchment SC #1547,Laurenson Flow Routing
SC #1546,link for catchment SC #1546,Laurenson Flow Routing
SC #1540,link for catchment SC #1540,Laurenson Flow Routing
SC #1530,link for catchment SC #1530,Laurenson Flow Routing
SC #1511,link for catchment SC #1511,Laurenson Flow Routing
SC #1504,link for catchment SC #1504,Laurenson Flow Routing
SC #1472,link for catchment SC #1472,Laurenson Flow Routing
SC #1453,link for catchment SC #1453,Laurenson Flow Routing
SC #1410,link for catchment SC #1410,Laurenson Flow Routing
SC #1405,link for catchment SC #1405,Laurenson Flow Routing
SC #1411,link for catchment SC #1411,Laurenson Flow Routing
SC #1424,link for catchment SC #1424,Laurenson Flow Routing
SC #1430,link for catchment SC #1430,Laurenson Flow Routing
SC #1436,link for catchment SC #1436,Laurenson Flow Routing
SC #1441,link for catchment SC #1441,Laurenson Flow Routing
SC #1444,link for catchment SC #1444,Laurenson Flow Routing
SC #1451,link for catchment SC #1451,Laurenson Flow Routing
SC #1459,link for catchment SC #1459,Laurenson Flow Routing
SC #1469,link for catchment SC #1469,Laurenson Flow Routing
SC #1468,link for catchment SC #1468,Laurenson Flow Routing
SC #1477,link for catchment SC #1477,Laurenson Flow Routing
SC #1482,link for catchment SC #1482,Laurenson Flow Routing
SC #1499,link for catchment SC #1499,Laurenson Flow Routing
SC #1498,link for catchment SC #1498,Laurenson Flow Routing
SC #1478,link for catchment SC #1478,Laurenson Flow Routing
SC #1481,link for catchment SC #1481,Laurenson Flow Routing
SC #1487,link for catchment SC #1487,Laurenson Flow Routing
SC #1480,link for catchment SC #1480,Laurenson Flow Routing
SC #1467,link for catchment SC #1467,Laurenson Flow Routing
SC #1473,link for catchment SC #1473,Laurenson Flow Routing
SC #1460,link for catchment SC #1460,Laurenson Flow Routing
SC #1446,link for catchment SC #1446,Laurenson Flow Routing
SC #1442,link for catchment SC #1442,Laurenson Flow Routing
SC #1445,link for catchment SC #1445,Laurenson Flow Routing
SC #1448,link for catchment SC #1448,Laurenson Flow Routing
SC #1443,link for catchment SC #1443,Laurenson Flow Routing
SC #1428,link for catchment SC #1428,Laurenson Flow Routing
SC #1429,link for catchment SC #1429,Laurenson Flow Routing
SC #1423,link for catchment SC #1423,Laurenson Flow Routing
SC #1426,link for catchment SC #1426,Laurenson Flow Routing
SC #1420,link for catchment SC #1420,Laurenson Flow Routing
SC #1408,link for catchment SC #1408,Laurenson Flow Routing
SC #1396,link for catchment SC #1396,Laurenson Flow Routing
SC #1402,link for catchment SC #1402,Laurenson Flow Routing
SC #1399,link for catchment SC #1399,Laurenson Flow Routing
SC #1392,link for catchment SC #1392,Laurenson Flow Routing
SC #1375,link for catchment SC #1375,Laurenson Flow Routing
SC #1382,link for catchment SC #1382,Laurenson Flow Routing
SC #1378,link for catchment SC #1378,Laurenson Flow Routing
SC #1355,link for catchment SC #1355,Laurenson Flow Routing
SC #1333,link for catchment SC #1333,Laurenson Flow Routing
SC #1339,link for catchment SC #1339,Laurenson Flow Routing
SC #1364,link for catchment SC #1364,Laurenson Flow Routing
SC #1343,link for catchment SC #1343,Laurenson Flow Routing
SC #1358,link for catchment SC #1358,Laurenson Flow Routing
SC #1368,link for catchment SC #1368,Laurenson Flow Routing
SC #1367,link for catchment SC #1367,Laurenson Flow Routing
SC #1338,link for catchment SC #1338,Laurenson Flow Routing
SC #1350,link for catchment SC #1350,Laurenson Flow Routing
SC #1353,link for catchment SC #1353,Laurenson Flow Routing
SC #1347,link for catchment SC #1347,Laurenson Flow Routing
SC #1336,link for catchment SC #1336,Laurenson Flow Routing
SC #1329,link for catchment SC #1329,Laurenson Flow Routing
SC #1307,link for catchment SC #1307,Laurenson Flow Routing
SC #1324,link for catchment SC #1324,Laurenson Flow Routing
SC #1313,link for catchment SC #1313,Laurenson Flow Routing
SC #1285,link for catchment SC #1285,Laurenson Flow Routing
SC #1270,link for catchment SC #1270,Laurenson Flow Routing
SC #1274,link for catchment SC #1274,Laurenson Flow Routing
SC #1264,link for catchment SC #1264,Laurenson Flow Routing
SC #1282,link for catchment SC #1282,Laurenson Flow Routing
SC #1268,link for catchment SC #1268,Laurenson Flow Routing
SC #1273,link for catchment SC #1273,Laurenson Flow Routing
SC #1287,link for catchment SC #1287,Laurenson Flow Routing
SC #1288,link for catchment SC #1288,Laurenson Flow Routing
SC #1291,link for catchment SC #1291,Laurenson Flow Routing
SC #1295,link for catchment SC #1295,Laurenson Flow Routing
SC #1310,link for catchment SC #1310,Laurenson Flow Routing
SC #1320,link for catchment SC #1320,Laurenson Flow Routing
SC #1293,link for catchment SC #1293,Laurenson Flow Routing
SC #1281,link for catchment SC #1281,Laurenson Flow Routing
SC #1260,link for catchment SC #1260,Laurenson Flow Routing
SC #1233,link for catchment SC #1233,Laurenson Flow Routing
SC #1251,link for catchment SC #1251,Laurenson Flow Routing
SC #1267,link for catchment SC #1267,Laurenson Flow Routing
SC #1257,link for catchment SC #1257,Laurenson Flow Routing
SC #1243,link for catchment SC #1243,Laurenson Flow Routing
SC #1246,link for catchment SC #1246,Laurenson Flow Routing
SC #1253,link for catchment SC #1253,Laurenson Flow Routing
SC #1249,link for catchment SC #1249,Laurenson Flow Routing
SC #1224,link for catchment SC #1224,Laurenson Flow Routing
SC #1219,link for catchment SC #1219,Laurenson Flow Routing
SC #1195,link for catchment SC #1195,Laurenson Flow Routing
SC #1214,link for catchment SC #1214,Laurenson Flow Routing
SC #1221,link for catchment SC #1221,Laurenson Flow Routing
SC #1222,link for catchment SC #1222,Laurenson Flow Routing
SC #1223,link for catchment SC #1223,Laurenson Flow Routing
SC #1189,link for catchment SC #1189,Laurenson Flow Routing
SC #1179,link for catchment SC #1179,Laurenson Flow Routing
SC #1183,link for catchment SC #1183,Laurenson Flow Routing
SC #1205,link for catchment SC #1205,Laurenson Flow Routing
SC #1227,link for catchment SC #1227,Laurenson Flow Routing
SC #1213,link for catchment SC #1213,Laurenson Flow Routing
SC #1231,link for catchment SC #1231,Laurenson Flow Routing
SC #1220,link for catchment SC #1220,Laurenson Flow Routing
SC #1212,link for catchment SC #1212,Laurenson Flow Routing
SC #1226,link for catchment SC #1226,Laurenson Flow Routing
SC #1245,link for catchment SC #1245,Laurenson Flow Routing
SC #1229,link for catchment SC #1229,Laurenson Flow Routing
SC #1211,link for catchment SC #1211,Laurenson Flow Routing
SC #1217,link for catchment SC #1217,Laurenson Flow Routing
SC #1186,link for catchment SC #1186,Laurenson Flow Routing
SC #1191,link for catchment SC #1191,Laurenson Flow Routing
SC #1168,link for catchment SC #1168,Laurenson Flow Routing
SC #1204,link for catchment SC #1204,Laurenson Flow Routing
SC #1173,link for catchment SC #1173,Laurenson Flow Routing
SC #1192,link for catchment SC #1192,Laurenson Flow Routing
SC #1182,link for catchment SC #1182,Laurenson Flow Routing
SC #1167,link for catchment SC #1167,Laurenson Flow Routing
SC #1148,link for catchment SC #1148,Laurenson Flow Routing
SC #1164,link for catchment SC #1164,Laurenson Flow Routing
SC #1140,link for catchment SC #1140,Laurenson Flow Routing
SC #1158,link for catchment SC #1158,Laurenson Flow Routing
SC #1163,link for catchment SC #1163,Laurenson Flow Routing
SC #1172,link for catchment SC #1172,Laurenson Flow Routing
SC #1175,link for catchment SC #1175,Laurenson Flow Routing
SC #1150,link for catchment SC #1150,Laurenson Flow Routing
SC #1123,link for catchment SC #1123,Laurenson Flow Routing
SC #1147,link for catchment SC #1147,Laurenson Flow Routing
SC #1146,link for catchment SC #1146,Laurenson Flow Routing
SC #1155,link for catchment SC #1155,Laurenson Flow Routing
SC #1137,link for catchment SC #1137,Laurenson Flow Routing
SC #1133,link for catchment SC #1133,Laurenson Flow Routing
SC #1141,link for catchment SC #1141,Laurenson Flow Routing
SC #1130,link for catchment SC #1130,Laurenson Flow Routing
SC #1102,link for catchment SC #1102,Laurenson Flow Routing
SC #1096,link for catchment SC #1096,Laurenson Flow Routing
SC #1116,link for catchment SC #1116,Laurenson Flow Routing
SC #1113,link for catchment SC #1113,Laurenson Flow Routing
SC #1095,link for catchment SC #1095,Laurenson Flow Routing
SC #1110,link for catchment SC #1110,Laurenson Flow Routing
SC #1109,link for catchment SC #1109,Laurenson Flow Routing
SC #1126,link for catchment SC #1126,Laurenson Flow Routing
SC #1103,link for catchment SC #1103,Laurenson Flow Routing
SC #1084,link for catchment SC #1084,Laurenson Flow Routing
SC #1087,link for catchment SC #1087,Laurenson Flow Routing
SC #1105,link for catchment SC #1105,Laurenson Flow Routing
SC #1068,link for catchment SC #1068,Laurenson Flow Routing
SC #1101,link for catchment SC #1101,Laurenson Flow Routing
SC #1091,link for catchment SC #1091,Laurenson Flow Routing
SC #1072,link for catchment SC #1072,Laurenson Flow Routing
SC #1048,link for catchment SC #1048,Laurenson Flow Routing
SC #1056,link for catchment SC #1056,Laurenson Flow Routing
SC #1055,link for catchment SC #1055,Laurenson Flow Routing
SC #1012,link for catchment SC #1012,Laurenson Flow Routing
SC #985,link for catchment SC #985,Laurenson Flow Routing
SC #919,link for catchment SC #919,Laurenson Flow Routing
SC #961,link for catchment SC #961,Laurenson Flow Routing
SC #1024,link for catchment SC #1024,Laurenson Flow Routing
SC #1016,link for catchment SC #1016,Laurenson Flow Routing
SC #957,link for catchment SC #957,Laurenson Flow Routing
SC #974,link for catchment SC #974,Laurenson Flow Routing
SC #964,link for catchment SC #964,Laurenson Flow Routing
SC #876,link for catchment SC #876,Laurenson Flow Routing
SC #791,link for catchment SC #791,Laurenson Flow Routing
SC #844,link for catchment SC #844,Laurenson Flow Routing
SC #788,link for catchment SC #788,Laurenson Flow Routing
SC #812,link for catchment SC #812,Laurenson Flow Routing
SC #828,link for catchment SC #828,Laurenson Flow Routing
SC #850,link for catchment SC #850,Laurenson Flow Routing
SC #883,link for catchment SC #883,Laurenson Flow Routing
SC #899,link for catchment SC #899,Laurenson Flow Routing
SC #895,link for catchment SC #895,Laurenson Flow Routing
SC #930,link for catchment SC #930,Laurenson Flow Routing
SC #942,link for catchment SC #942,Laurenson Flow Routing
SC #933,link for catchment SC #933,Laurenson Flow Routing
SC #971,link for catchment SC #971,Laurenson Flow Routing
SC #970,link for catchment SC #970,Laurenson Flow Routing
SC #973,link for catchment SC #973,Laurenson Flow Routing
SC #1003,link for catchment SC #1003,Laurenson Flow Routing
SC #1001,link for catchment SC #1001,Laurenson Flow Routing
SC #1005,link for catchment SC #1005,Laurenson Flow Routing
SC #1025,link for catchment SC #1025,Laurenson Flow Routing
SC #1030,link for catchment SC #1030,Laurenson Flow Routing
SC #1045,link for catchment SC #1045,Laurenson Flow Routing
SC #1062,link for catchment SC #1062,Laurenson Flow Routing
SC #1032,link for catchment SC #1032,Laurenson Flow Routing
SC #1023,link for catchment SC #1023,Laurenson Flow Routing
SC #999,link for catchment SC #999,Laurenson Flow Routing
SC #968,link for catchment SC #968,Laurenson Flow Routing
SC #891,link for catchment SC #891,Laurenson Flow Routing
SC #917,link for catchment SC #917,Laurenson Flow Routing
SC #913,link for catchment SC #913,Laurenson Flow Routing
SC #867,link for catchment SC #867,Laurenson Flow Routing
SC #911,link for catchment SC #911,Laurenson Flow Routing
SC #909,link for catchment SC #909,Laurenson Flow Routing
SC #848,link for catchment SC #848,Laurenson Flow Routing
SC #841,link for catchment SC #841,Laurenson Flow Routing
SC #804,link for catchment SC #804,Laurenson Flow Routing
SC #822,link for catchment SC #822,Laurenson Flow Routing
SC #816,link for catchment SC #816,Laurenson Flow Routing
SC #809,link for catchment SC #809,Laurenson Flow Routing
SC #797,link for catchment SC #797,Laurenson Flow Routing
SC #706,link for catchment SC #706,Laurenson Flow Routing
SC #801,link for catchment SC #801,Laurenson Flow Routing
SC #726,link for catchment SC #726,Laurenson Flow Routing
SC #707,link for catchment SC #707,Laurenson Flow Routing
SC #874,link for catchment SC #874,Laurenson Flow Routing
SC #912,link for catchment SC #912,Laurenson Flow Routing
SC #915,link for catchment SC #915,Laurenson Flow Routing
SC #946,link for catchment SC #946,Laurenson Flow Routing
SC #941,link for catchment SC #941,Laurenson Flow Routing
SC #962,link for catchment SC #962,Laurenson Flow Routing
SC #1004,link for catchment SC #1004,Laurenson Flow Routing
SC #1008,link for catchment SC #1008,Laurenson Flow Routing
SC #994,link for catchment SC #994,Laurenson Flow Routing
SC #1026,link for catchment SC #1026,Laurenson Flow Routing
SC #1019,link for catchment SC #1019,Laurenson Flow Routing
SC #1031,link for catchment SC #1031,Laurenson Flow Routing
SC #1039,link for catchment SC #1039,Laurenson Flow Routing
SC #1040,link for catchment SC #1040,Laurenson Flow Routing
SC #1057,link for catchment SC #1057,Laurenson Flow Routing
SC #1038,link for catchment SC #1038,Laurenson Flow Routing
SC #1052,link for catchment SC #1052,Laurenson Flow Routing
SC #1051,link for catchment SC #1051,Laurenson Flow Routing
SC #1059,link for catchment SC #1059,Laurenson Flow Routing
SC #1058,link for catchment SC #1058,Laurenson Flow Routing
SC #1015,link for catchment SC #1015,Laurenson Flow Routing
SC #1044,link for catchment SC #1044,Laurenson Flow Routing
SC #1043,link for catchment SC #1043,Laurenson Flow Routing
SC #984,link for catchment SC #984,Laurenson Flow Routing
SC #1022,link for catchment SC #1022,Laurenson Flow Routing
SC #998,link for catchment SC #998,Laurenson Flow Routing
SC #943,link for catchment SC #943,Laurenson Flow Routing
SC #908,link for catchment SC #908,Laurenson Flow Routing
SC #869,link for catchment SC #869,Laurenson Flow Routing
SC #865,link for catchment SC #865,Laurenson Flow Routing
SC #910,link for catchment SC #910,Laurenson Flow Routing
SC #929,link for catchment SC #929,Laurenson Flow Routing
SC #953,link for catchment SC #953,Laurenson Flow Routing
SC #950,link for catchment SC #950,Laurenson Flow Routing
SC #939,link for catchment SC #939,Laurenson Flow Routing
SC #954,link for catchment SC #954,Laurenson Flow Routing
SC #935,link for catchment SC #935,Laurenson Flow Routing
SC #938,link for catchment SC #938,Laurenson Flow Routing
SC #956,link for catchment SC #956,Laurenson Flow Routing
SC #928,link for catchment SC #928,Laurenson Flow Routing
SC #920,link for catchment SC #920,Laurenson Flow Routing
SC #907,link for catchment SC #907,Laurenson Flow Routing
SC #898,link for catchment SC #898,Laurenson Flow Routing
SC #916,link for catchment SC #916,Laurenson Flow Routing
SC #951,link for catchment SC #951,Laurenson Flow Routing
SC #990,link for catchment SC #990,Laurenson Flow Routing
SC #979,link for catchment SC #979,Laurenson Flow Routing
SC #981,link for catchment SC #981,Laurenson Flow Routing
SC #1002,link for catchment SC #1002,Laurenson Flow Routing
SC #978,link for catchment SC #978,Laurenson Flow Routing
SC #1033,link for catchment SC #1033,Laurenson Flow Routing
SC #937,link for catchment SC #937,Laurenson Flow Routing
SC #967,link for catchment SC #967,Laurenson Flow Routing
SC #948,link for catchment SC #948,Laurenson Flow Routing
SC #927,link for catchment SC #927,Laurenson Flow Routing
SC #881,link for catchment SC #881,Laurenson Flow Routing
SC #896,link for catchment SC #896,Laurenson Flow Routing
SC #853,link for catchment SC #853,Laurenson Flow Routing
SC #888,link for catchment SC #888,Laurenson Flow Routing
SC #894,link for catchment SC #894,Laurenson Flow Routing
SC #831,link for catchment SC #831,Laurenson Flow Routing
SC #830,link for catchment SC #830,Laurenson Flow Routing
SC #798,link for catchment SC #798,Laurenson Flow Routing
SC #784,link for catchment SC #784,Laurenson Flow Routing
SC #749,link for catchment SC #749,Laurenson Flow Routing
SC #723,link for catchment SC #723,Laurenson Flow Routing
SC #692,link for catchment SC #692,Laurenson Flow Routing
SC #701,link for catchment SC #701,Laurenson Flow Routing
SC #697,link for catchment SC #697,Laurenson Flow Routing
SC #705,link for catchment SC #705,Laurenson Flow Routing
SC #757,link for catchment SC #757,Laurenson Flow Routing
SC #756,link for catchment SC #756,Laurenson Flow Routing
SC #734,link for catchment SC #734,Laurenson Flow Routing
SC #746,link for catchment SC #746,Laurenson Flow Routing
SC #728,link for catchment SC #728,Laurenson Flow Routing
SC #765,link for catchment SC #765,Laurenson Flow Routing
SC #785,link for catchment SC #785,Laurenson Flow Routing
SC #807,link for catchment SC #807,Laurenson Flow Routing
SC #814,link for catchment SC #814,Laurenson Flow Routing
SC #787,link for catchment SC #787,Laurenson Flow Routing
SC #778,link for catchment SC #778,Laurenson Flow Routing
SC #750,link for catchment SC #750,Laurenson Flow Routing
SC #735,link for catchment SC #735,Laurenson Flow Routing
SC #752,link for catchment SC #752,Laurenson Flow Routing
SC #790,link for catchment SC #790,Laurenson Flow Routing
SC #889,link for catchment SC #889,Laurenson Flow Routing
SC #846,link for catchment SC #846,Laurenson Flow Routing
SC #799,link for catchment SC #799,Laurenson Flow Routing
SC #857,link for catchment SC #857,Laurenson Flow Routing
SC #863,link for catchment SC #863,Laurenson Flow Routing
SC #847,link for catchment SC #847,Laurenson Flow Routing
SC #736,link for catchment SC #736,Laurenson Flow Routing
SC #699,link for catchment SC #699,Laurenson Flow Routing
SC #764,link for catchment SC #764,Laurenson Flow Routing
SC #774,link for catchment SC #774,Laurenson Flow Routing
SC #754,link for catchment SC #754,Laurenson Flow Routing
SC #680,link for catchment SC #680,Laurenson Flow Routing
SC #708,link for catchment SC #708,Laurenson Flow Routing
SC #622,link for catchment SC #622,Laurenson Flow Routing
SC #660,link for catchment SC #660,Laurenson Flow Routing
SC #663,link for catchment SC #663,Laurenson Flow Routing
SC #665,link for catchment SC #665,Laurenson Flow Routing
SC #648,link for catchment SC #648,Laurenson Flow Routing
SC #753,link for catchment SC #753,Laurenson Flow Routing
SC #715,link for catchment SC #715,Laurenson Flow Routing
SC #704,link for catchment SC #704,Laurenson Flow Routing
SC #686,link for catchment SC #686,Laurenson Flow Routing
SC #591,link for catchment SC #591,Laurenson Flow Routing
SC #657,link for catchment SC #657,Laurenson Flow Routing
SC #681,link for catchment SC #681,Laurenson Flow Routing
SC #685,link for catchment SC #685,Laurenson Flow Routing
SC #644,link for catchment SC #644,Laurenson Flow Routing
SC #683,link for catchment SC #683,Laurenson Flow Routing
SC #667,link for catchment SC #667,Laurenson Flow Routing
SC #676,link for catchment SC #676,Laurenson Flow Routing
SC #640,link for catchment SC #640,Laurenson Flow Routing
SC #624,link for catchment SC #624,Laurenson Flow Routing
SC #618,link for catchment SC #618,Laurenson Flow Routing
SC #645,link for catchment SC #645,Laurenson Flow Routing
SC #689,link for catchment SC #689,Laurenson Flow Routing
SC #599,link for catchment SC #599,Laurenson Flow Routing
SC #646,link for catchment SC #646,Laurenson Flow Routing
SC #598,link for catchment SC #598,Laurenson Flow Routing
SC #612,link for catchment SC #612,Laurenson Flow Routing
SC #677,link for catchment SC #677,Laurenson Flow Routing
SC #691,link for catchment SC #691,Laurenson Flow Routing
SC #684,link for catchment SC #684,Laurenson Flow Routing
SC #662,link for catchment SC #662,Laurenson Flow Routing
SC #635,link for catchment SC #635,Laurenson Flow Routing
SC #587,link for catchment SC #587,Laurenson Flow Routing
SC #642,link for catchment SC #642,Laurenson Flow Routing
SC #655,link for catchment SC #655,Laurenson Flow Routing
SC #654,link for catchment SC #654,Laurenson Flow Routing
SC #658,link for catchment SC #658,Laurenson Flow Routing
SC #614,link for catchment SC #614,Laurenson Flow Routing
SC #590,link for catchment SC #590,Laurenson Flow Routing
SC #537,link for catchment SC #537,Laurenson Flow Routing
SC #553,link for catchment SC #553,Laurenson Flow Routing
SC #548,link for catchment SC #548,Laurenson Flow Routing
SC #541,link for catchment SC #541,Laurenson Flow Routing
SC #568,link for catchment SC #568,Laurenson Flow Routing
SC #609,link for catchment SC #609,Laurenson Flow Routing
SC #626,link for catchment SC #626,Laurenson Flow Routing
SC #607,link for catchment SC #607,Laurenson Flow Routing
SC #600,link for catchment SC #600,Laurenson Flow Routing
SC #625,link for catchment SC #625,Laurenson Flow Routing
SC #650,link for catchment SC #650,Laurenson Flow Routing
SC #698,link for catchment SC #698,Laurenson Flow Routing
SC #721,link for catchment SC #721,Laurenson Flow Routing
SC #849,link for catchment SC #849,Laurenson Flow Routing
SC #832,link for catchment SC #832,Laurenson Flow Routing
SC #817,link for catchment SC #817,Laurenson Flow Routing
SC #815,link for catchment SC #815,Laurenson Flow Routing
SC #800,link for catchment SC #800,Laurenson Flow Routing
SC #777,link for catchment SC #777,Laurenson Flow Routing
SC #782,link for catchment SC #782,Laurenson Flow Routing
SC #781,link for catchment SC #781,Laurenson Flow Routing
SC #722,link for catchment SC #722,Laurenson Flow Routing
SC #779,link for catchment SC #779,Laurenson Flow Routing
SC #760,link for catchment SC #760,Laurenson Flow Routing
SC #740,link for catchment SC #740,Laurenson Flow Routing
SC #729,link for catchment SC #729,Laurenson Flow Routing
SC #661,link for catchment SC #661,Laurenson Flow Routing
SC #668,link for catchment SC #668,Laurenson Flow Routing
SC #633,link for catchment SC #633,Laurenson Flow Routing
SC #693,link for catchment SC #693,Laurenson Flow Routing
SC #671,link for catchment SC #671,Laurenson Flow Routing
SC #672,link for catchment SC #672,Laurenson Flow Routing
SC #720,link for catchment SC #720,Laurenson Flow Routing
SC #696,link for catchment SC #696,Laurenson Flow Routing
SC #751,link for catchment SC #751,Laurenson Flow Routing
SC #741,link for catchment SC #741,Laurenson Flow Routing
SC #710,link for catchment SC #710,Laurenson Flow Routing
SC #674,link for catchment SC #674,Laurenson Flow Routing
SC #632,link for catchment SC #632,Laurenson Flow Routing
SC #669,link for catchment SC #669,Laurenson Flow Routing
SC #666,link for catchment SC #666,Laurenson Flow Routing
SC #651,link for catchment SC #651,Laurenson Flow Routing
SC #652,link for catchment SC #652,Laurenson Flow Routing
SC #597,link for catchment SC #597,Laurenson Flow Routing
SC #571,link for catchment SC #571,Laurenson Flow Routing
SC #543,link for catchment SC #543,Laurenson Flow Routing
SC #582,link for catchment SC #582,Laurenson Flow Routing
SC #611,link for catchment SC #611,Laurenson Flow Routing
SC #601,link for catchment SC #601,Laurenson Flow Routing
SC #530,link for catchment SC #530,Laurenson Flow Routing
SC #524,link for catchment SC #524,Laurenson Flow Routing
SC #581,link for catchment SC #581,Laurenson Flow Routing
SC #610,link for catchment SC #610,Laurenson Flow Routing
SC #595,link for catchment SC #595,Laurenson Flow Routing
SC #574,link for catchment SC #574,Laurenson Flow Routing
SC #608,link for catchment SC #608,Laurenson Flow Routing
SC #588,link for catchment SC #588,Laurenson Flow Routing
SC #593,link for catchment SC #593,Laurenson Flow Routing
SC #526,link for catchment SC #526,Laurenson Flow Routing
SC #561,link for catchment SC #561,Laurenson Flow Routing
SC #552,link for catchment SC #552,Laurenson Flow Routing
SC #546,link for catchment SC #546,Laurenson Flow Routing
SC #563,link for catchment SC #563,Laurenson Flow Routing
SC #603,link for catchment SC #603,Laurenson Flow Routing
SC #602,link for catchment SC #602,Laurenson Flow Routing
SC #554,link for catchment SC #554,Laurenson Flow Routing
SC #580,link for catchment SC #580,Laurenson Flow Routing
SC #556,link for catchment SC #556,Laurenson Flow Routing
SC #540,link for catchment SC #540,Laurenson Flow Routing
SC #505,link for catchment SC #505,Laurenson Flow Routing
SC #467,link for catchment SC #467,Laurenson Flow Routing
SC #502,link for catchment SC #502,Laurenson Flow Routing
SC #452,link for catchment SC #452,Laurenson Flow Routing
SC #499,link for catchment SC #499,Laurenson Flow Routing
SC #461,link for catchment SC #461,Laurenson Flow Routing
SC #454,link for catchment SC #454,Laurenson Flow Routing
SC #416,link for catchment SC #416,Laurenson Flow Routing
SC #442,link for catchment SC #442,Laurenson Flow Routing
SC #458,link for catchment SC #458,Laurenson Flow Routing
SC #464,link for catchment SC #464,Laurenson Flow Routing
SC #473,link for catchment SC #473,Laurenson Flow Routing
SC #469,link for catchment SC #469,Laurenson Flow Routing
SC #495,link for catchment SC #495,Laurenson Flow Routing
SC #533,link for catchment SC #533,Laurenson Flow Routing
SC #513,link for catchment SC #513,Laurenson Flow Routing
SC #527,link for catchment SC #527,Laurenson Flow Routing
SC #516,link for catchment SC #516,Laurenson Flow Routing
SC #488,link for catchment SC #488,Laurenson Flow Routing
SC #544,link for catchment SC #544,Laurenson Flow Routing
SC #523,link for catchment SC #523,Laurenson Flow Routing
SC #438,link for catchment SC #438,Laurenson Flow Routing
SC #456,link for catchment SC #456,Laurenson Flow Routing
SC #449,link for catchment SC #449,Laurenson Flow Routing
SC #451,link for catchment SC #451,Laurenson Flow Routing
SC #413,link for catchment SC #413,Laurenson Flow Routing
SC #392,link for catchment SC #392,Laurenson Flow Routing
SC #370,link for catchment SC #370,Laurenson Flow Routing
SC #314,link for catchment SC #314,Laurenson Flow Routing
SC #307,link for catchment SC #307,Laurenson Flow Routing
SC #384,link for catchment SC #384,Laurenson Flow Routing
SC #346,link for catchment SC #346,Laurenson Flow Routing
SC #359,link for catchment SC #359,Laurenson Flow Routing
SC #337,link for catchment SC #337,Laurenson Flow Routing
SC #257,link for catchment SC #257,Laurenson Flow Routing
SC #283,link for catchment SC #283,Laurenson Flow Routing
SC #267,link for catchment SC #267,Laurenson Flow Routing
SC #205,link for catchment SC #205,Laurenson Flow Routing
SC #250,link for catchment SC #250,Laurenson Flow Routing
SC #262,link for catchment SC #262,Laurenson Flow Routing
SC #226,link for catchment SC #226,Laurenson Flow Routing
SC #224,link for catchment SC #224,Laurenson Flow Routing
SC #351,link for catchment SC #351,Laurenson Flow Routing
SC #306,link for catchment SC #306,Laurenson Flow Routing
SC #385,link for catchment SC #385,Laurenson Flow Routing
SC #412,link for catchment SC #412,Laurenson Flow Routing
SC #426,link for catchment SC #426,Laurenson Flow Routing
SC #429,link for catchment SC #429,Laurenson Flow Routing
SC #435,link for catchment SC #435,Laurenson Flow Routing
SC #450,link for catchment SC #450,Laurenson Flow Routing
SC #453,link for catchment SC #453,Laurenson Flow Routing
SC #480,link for catchment SC #480,Laurenson Flow Routing
SC #520,link for catchment SC #520,Laurenson Flow Routing
SC #542,link for catchment SC #542,Laurenson Flow Routing
SC #525,link for catchment SC #525,Laurenson Flow Routing
SC #557,link for catchment SC #557,Laurenson Flow Routing
SC #545,link for catchment SC #545,Laurenson Flow Routing
SC #547,link for catchment SC #547,Laurenson Flow Routing
SC #564,link for catchment SC #564,Laurenson Flow Routing
SC #594,link for catchment SC #594,Laurenson Flow Routing
SC #560,link for catchment SC #560,Laurenson Flow Routing
SC #517,link for catchment SC #517,Laurenson Flow Routing
SC #534,link for catchment SC #534,Laurenson Flow Routing
SC #522,link for catchment SC #522,Laurenson Flow Routing
SC #504,link for catchment SC #504,Laurenson Flow Routing
SC #518,link for catchment SC #518,Laurenson Flow Routing
SC #493,link for catchment SC #493,Laurenson Flow Routing
SC #494,link for catchment SC #494,Laurenson Flow Routing
SC #421,link for catchment SC #421,Laurenson Flow Routing
SC #415,link for catchment SC #415,Laurenson Flow Routing
SC #420,link for catchment SC #420,Laurenson Flow Routing
SC #460,link for catchment SC #460,Laurenson Flow Routing
SC #472,link for catchment SC #472,Laurenson Flow Routing
SC #466,link for catchment SC #466,Laurenson Flow Routing
SC #428,link for catchment SC #428,Laurenson Flow Routing
SC #398,link for catchment SC #398,Laurenson Flow Routing
SC #358,link for catchment SC #358,Laurenson Flow Routing
SC #379,link for catchment SC #379,Laurenson Flow Routing
SC #363,link for catchment SC #363,Laurenson Flow Routing
SC #382,link for catchment SC #382,Laurenson Flow Routing
SC #425,link for catchment SC #425,Laurenson Flow Routing
SC #411,link for catchment SC #411,Laurenson Flow Routing
SC #434,link for catchment SC #434,Laurenson Flow Routing
SC #409,link for catchment SC #409,Laurenson Flow Routing
SC #369,link for catchment SC #369,Laurenson Flow Routing
SC #423,link for catchment SC #423,Laurenson Flow Routing
SC #325,link for catchment SC #325,Laurenson Flow Routing
SC #329,link for catchment SC #329,Laurenson Flow Routing
SC #355,link for catchment SC #355,Laurenson Flow Routing
SC #362,link for catchment SC #362,Laurenson Flow Routing
SC #367,link for catchment SC #367,Laurenson Flow Routing
SC #390,link for catchment SC #390,Laurenson Flow Routing
SC #364,link for catchment SC #364,Laurenson Flow Routing
SC #414,link for catchment SC #414,Laurenson Flow Routing
SC #457,link for catchment SC #457,Laurenson Flow Routing
SC #419,link for catchment SC #419,Laurenson Flow Routing
SC #477,link for catchment SC #477,Laurenson Flow Routing
SC #463,link for catchment SC #463,Laurenson Flow Routing
SC #476,link for catchment SC #476,Laurenson Flow Routing
SC #475,link for catchment SC #475,Laurenson Flow Routing
SC #448,link for catchment SC #448,Laurenson Flow Routing
SC #440,link for catchment SC #440,Laurenson Flow Routing
SC #402,link for catchment SC #402,Laurenson Flow Routing
SC #341,link for catchment SC #341,Laurenson Flow Routing
SC #322,link for catchment SC #322,Laurenson Flow Routing
SC #335,link for catchment SC #335,Laurenson Flow Routing
SC #317,link for catchment SC #317,Laurenson Flow Routing
SC #300,link for catchment SC #300,Laurenson Flow Routing
SC #286,link for catchment SC #286,Laurenson Flow Routing
SC #230,link for catchment SC #230,Laurenson Flow Routing
SC #305,link for catchment SC #305,Laurenson Flow Routing
SC #295,link for catchment SC #295,Laurenson Flow Routing
SC #292,link for catchment SC #292,Laurenson Flow Routing
SC #330,link for catchment SC #330,Laurenson Flow Routing
SC #249,link for catchment SC #249,Laurenson Flow Routing
SC #278,link for catchment SC #278,Laurenson Flow Routing
SC #273,link for catchment SC #273,Laurenson Flow Routing
SC #225,link for catchment SC #225,Laurenson Flow Routing
SC #221,link for catchment SC #221,Laurenson Flow Routing
SC #214,link for catchment SC #214,Laurenson Flow Routing
SC #199,link for catchment SC #199,Laurenson Flow Routing
SC #324,link for catchment SC #324,Laurenson Flow Routing
SC #289,link for catchment SC #289,Laurenson Flow Routing
SC #279,link for catchment SC #279,Laurenson Flow Routing
SC #209,link for catchment SC #209,Laurenson Flow Routing
SC #266,link for catchment SC #266,Laurenson Flow Routing
SC #233,link for catchment SC #233,Laurenson Flow Routing
SC #240,link for catchment SC #240,Laurenson Flow Routing
SC #234,link for catchment SC #234,Laurenson Flow Routing
SC #215,link for catchment SC #215,Laurenson Flow Routing
SC #176,link for catchment SC #176,Laurenson Flow Routing
SC #135,link for catchment SC #135,Laurenson Flow Routing
SC #144,link for catchment SC #144,Laurenson Flow Routing
SC #121,link for catchment SC #121,Laurenson Flow Routing
SC #134,link for catchment SC #134,Laurenson Flow Routing
SC #202,link for catchment SC #202,Laurenson Flow Routing
SC #173,link for catchment SC #173,Laurenson Flow Routing
SC #185,link for catchment SC #185,Laurenson Flow Routing
SC #148,link for catchment SC #148,Laurenson Flow Routing
SC #146,link for catchment SC #146,Laurenson Flow Routing
SC #181,link for catchment SC #181,Laurenson Flow Routing
SC #216,link for catchment SC #216,Laurenson Flow Routing
SC #151,link for catchment SC #151,Laurenson Flow Routing
SC #237,link for catchment SC #237,Laurenson Flow Routing
SC #252,link for catchment SC #252,Laurenson Flow Routing
SC #274,link for catchment SC #274,Laurenson Flow Routing
SC #261,link for catchment SC #261,Laurenson Flow Routing
SC #227,link for catchment SC #227,Laurenson Flow Routing
SC #223,link for catchment SC #223,Laurenson Flow Routing
SC #198,link for catchment SC #198,Laurenson Flow Routing
SC #175,link for catchment SC #175,Laurenson Flow Routing
SC #157,link for catchment SC #157,Laurenson Flow Routing
SC #161,link for catchment SC #161,Laurenson Flow Routing
SC #158,link for catchment SC #158,Laurenson Flow Routing
SC #162,link for catchment SC #162,Laurenson Flow Routing
SC #141,link for catchment SC #141,Laurenson Flow Routing
SC #116,link for catchment SC #116,Laurenson Flow Routing
SC #142,link for catchment SC #142,Laurenson Flow Routing
SC #150,link for catchment SC #150,Laurenson Flow Routing
SC #113,link for catchment SC #113,Laurenson Flow Routing
SC #100,Paluma_dam,Storage
SC #120,link for catchment SC #120,Laurenson Flow Routing
SC #127,link for catchment SC #127,Laurenson Flow Routing
SC #153,link for catchment SC #153,Laurenson Flow Routing
SC #159,link for catchment SC #159,Laurenson Flow Routing
SC #88,link for catchment SC #88,Laurenson Flow Routing
SC #131,link for catchment SC #131,Laurenson Flow Routing
SC #133,link for catchment SC #133,Laurenson Flow Routing
SC #114,link for catchment SC #114,Laurenson Flow Routing
SC #102,link for catchment SC #102,Laurenson Flow Routing
SC #103,link for catchment SC #103,Laurenson Flow Routing
SC #86,link for catchment SC #86,Laurenson Flow Routing
SC #77,link for catchment SC #77,Laurenson Flow Routing
SC #83,link for catchment SC #83,Laurenson Flow Routing
SC #63,link for catchment SC #63,Laurenson Flow Routing
SC #80,link for catchment SC #80,Laurenson Flow Routing
SC #70,link for catchment SC #70,Laurenson Flow Routing
SC #55,link for catchment SC #55,Laurenson Flow Routing
SC #51,link for catchment SC #51,Laurenson Flow Routing
SC #72,link for catchment SC #72,Laurenson Flow Routing
SC #89,link for catchment SC #89,Laurenson Flow Routing
SC #108,link for catchment SC #108,Laurenson Flow Routing
SC #95,link for catchment SC #95,Laurenson Flow Routing
SC #107,link for catchment SC #107,Laurenson Flow Routing
SC #115,link for catchment SC #115,Laurenson Flow Routing
SC #99,link for catchment SC #99,Laurenson Flow Routing
SC #130,link for catchment SC #130,Laurenson Flow Routing
SC #172,link for catchment SC #172,Laurenson Flow Routing
SC #174,link for catchment SC #174,Laurenson Flow Routing
SC #178,link for catchment SC #178,Laurenson Flow Routing
SC #183,link for catchment SC #183,Laurenson Flow Routing
SC #188,link for catchment SC #188,Laurenson Flow Routing
SC #171,link for catchment SC #171,Laurenson Flow Routing
SC #170,link for catchment SC #170,Laurenson Flow Routing
SC #179,link for catchment SC #179,Laurenson Flow Routing
SC #189,link for catchment SC #189,Laurenson Flow Routing
SC #192,link for catchment SC #192,Laurenson Flow Routing
SC #211,link for catchment SC #211,Laurenson Flow Routing
SC #208,link for catchment SC #208,Laurenson Flow Routing
SC #239,link for catchment SC #239,Laurenson Flow Routing
SC #238,link for catchment SC #238,Laurenson Flow Routing
SC #248,link for catchment SC #248,Laurenson Flow Routing
SC #259,link for catchment SC #259,Laurenson Flow Routing
SC #275,link for catchment SC #275,Laurenson Flow Routing
SC #327,link for catchment SC #327,Laurenson Flow Routing
SC #315,link for catchment SC #315,Laurenson Flow Routing
SC #264,link for catchment SC #264,Laurenson Flow Routing
SC #247,link for catchment SC #247,Laurenson Flow Routing
SC #229,link for catchment SC #229,Laurenson Flow Routing
SC #152,link for catchment SC #152,Laurenson Flow Routing
SC #193,link for catchment SC #193,Laurenson Flow Routing
SC #213,link for catchment SC #213,Laurenson Flow Routing
SC #212,link for catchment SC #212,Laurenson Flow Routing
SC #222,link for catchment SC #222,Laurenson Flow Routing
SC #269,link for catchment SC #269,Laurenson Flow Routing
SC #272,link for catchment SC #272,Laurenson Flow Routing
SC #246,link for catchment SC #246,Laurenson Flow Routing
SC #210,link for catchment SC #210,Laurenson Flow Routing
SC #232,link for catchment SC #232,Laurenson Flow Routing
SC #309,link for catchment SC #309,Laurenson Flow Routing
SC #304,link for catchment SC #304,Laurenson Flow Routing
SC #311,link for catchment SC #311,Laurenson Flow Routing
SC #334,link for catchment SC #334,Laurenson Flow Routing
SC #375,link for catchment SC #375,Laurenson Flow Routing
SC #378,link for catchment SC #378,Laurenson Flow Routing
SC #333,link for catchment SC #333,Laurenson Flow Routing
SC #345,link for catchment SC #345,Laurenson Flow Routing
SC #336,link for catchment SC #336,Laurenson Flow Routing
SC #293,link for catchment SC #293,Laurenson Flow Routing
SC #302,link for catchment SC #302,Laurenson Flow Routing
SC #331,link for catchment SC #331,Laurenson Flow Routing
SC #326,link for catchment SC #326,Laurenson Flow Routing
SC #357,link for catchment SC #357,Laurenson Flow Routing
SC #397,link for catchment SC #397,Laurenson Flow Routing
SC #395,link for catchment SC #395,Laurenson Flow Routing
SC #401,link for catchment SC #401,Laurenson Flow Routing
SC #436,link for catchment SC #436,Laurenson Flow Routing
SC #433,link for catchment SC #433,Laurenson Flow Routing
SC #394,link for catchment SC #394,Laurenson Flow Routing
SC #348,link for catchment SC #348,Laurenson Flow Routing
SC #354,link for catchment SC #354,Laurenson Flow Routing
SC #356,link for catchment SC #356,Laurenson Flow Routing
SC #373,link for catchment SC #373,Laurenson Flow Routing
SC #381,link for catchment SC #381,Laurenson Flow Routing
SC #377,link for catchment SC #377,Laurenson Flow Routing
SC #393,link for catchment SC #393,Laurenson Flow Routing
SC #361,link for catchment SC #361,Laurenson Flow Routing
SC #323,link for catchment SC #323,Laurenson Flow Routing
SC #320,link for catchment SC #320,Laurenson Flow Routing
SC #318,link for catchment SC #318,Laurenson Flow Routing
SC #291,link for catchment SC #291,Laurenson Flow Routing
SC #218,link for catchment SC #218,Laurenson Flow Routing
SC #243,link for catchment SC #243,Laurenson Flow Routing
SC #265,link for catchment SC #265,Laurenson Flow Routing
SC #287,link for catchment SC #287,Laurenson Flow Routing
SC #270,link for catchment SC #270,Laurenson Flow Routing
SC #284,link for catchment SC #284,Laurenson Flow Routing
SC #310,link for catchment SC #310,Laurenson Flow Routing
SC #303,link for catchment SC #303,Laurenson Flow Routing
SC #220,link for catchment SC #220,Laurenson Flow Routing
SC #268,link for catchment SC #268,Laurenson Flow Routing
SC #236,link for catchment SC #236,Laurenson Flow Routing
SC #219,link for catchment SC #219,Laurenson Flow Routing
SC #271,link for catchment SC #271,Laurenson Flow Routing
SC #196,link for catchment SC #196,Laurenson Flow Routing
SC #187,link for catchment SC #187,Laurenson Flow Routing
SC #177,link for catchment SC #177,Laurenson Flow Routing
SC #149,link for catchment SC #149,Laurenson Flow Routing
SC #160,link for catchment SC #160,Laurenson Flow Routing
SC #126,link for catchment SC #126,Laurenson Flow Routing
SC #145,link for catchment SC #145,Laurenson Flow Routing
SC #129,link for catchment SC #129,Laurenson Flow Routing
SC #117,link for catchment SC #117,Laurenson Flow Routing
SC #91,link for catchment SC #91,Laurenson Flow Routing
SC #82,link for catchment SC #82,Laurenson Flow Routing
SC #44,link for catchment SC #44,Laurenson Flow Routing
SC #74,link for catchment SC #74,Laurenson Flow Routing
SC #57,link for catchment SC #57,Laurenson Flow Routing
SC #48,link for catchment SC #48,Laurenson Flow Routing
SC #49,link for catchment SC #49,Laurenson Flow Routing
SC #65,link for catchment SC #65,Laurenson Flow Routing
SC #84,link for catchment SC #84,Laurenson Flow Routing
SC #112,link for catchment SC #112,Laurenson Flow Routing
SC #110,link for catchment SC #110,Laurenson Flow Routing
SC #124,link for catchment SC #124,Laurenson Flow Routing
SC #119,link for catchment SC #119,Laurenson Flow Routing
SC #106,link for catchment SC #106,Laurenson Flow Routing
SC #43,link for catchment SC #43,Laurenson Flow Routing
SC #105,link for catchment SC #105,Laurenson Flow Routing
SC #111,link for catchment SC #111,Laurenson Flow Routing
SC #140,link for catchment SC #140,Laurenson Flow Routing
SC #137,link for catchment SC #137,Laurenson Flow Routing
SC #182,link for catchment SC #182,Laurenson Flow Routing
SC #168,link for catchment SC #168,Laurenson Flow Routing
SC #92,link for catchment SC #92,Laurenson Flow Routing
SC #109,link for catchment SC #109,Laurenson Flow Routing
SC #139,link for catchment SC #139,Laurenson Flow Routing
SC #186,link for catchment SC #186,Laurenson Flow Routing
SC #156,link for catchment SC #156,Laurenson Flow Routing
SC #136,link for catchment SC #136,Laurenson Flow Routing
SC #143,link for catchment SC #143,Laurenson Flow Routing
SC #125,link for catchment SC #125,Laurenson Flow Routing
SC #97,link for catchment SC #97,Laurenson Flow Routing
SC #79,link for catchment SC #79,Laurenson Flow Routing
SC #87,link for catchment SC #87,Laurenson Flow Routing
SC #69,link for catchment SC #69,Laurenson Flow Routing
SC #56,link for catchment SC #56,Laurenson Flow Routing
SC #61,link for catchment SC #61,Laurenson Flow Routing
SC #59,link for catchment SC #59,Laurenson Flow Routing
SC #54,link for catchment SC #54,Laurenson Flow Routing
SC #52,link for catchment SC #52,Laurenson Flow Routing
SC #46,link for catchment SC #46,Laurenson Flow Routing
SC #16,link for catchment SC #16,Laurenson Flow Routing
SC #10,link for catchment SC #10,Laurenson Flow Routing
SC #37,link for catchment SC #37,Laurenson Flow Routing
SC #50,link for catchment SC #50,Laurenson Flow Routing
SC #29,link for catchment SC #29,Laurenson Flow Routing
SC #45,link for catchment SC #45,Laurenson Flow Routing
SC #39,link for catchment SC #39,Laurenson Flow Routing
SC #35,link for catchment SC #35,Laurenson Flow Routing
SC #21,link for catchment SC #21,Laurenson Flow Routing
SC #33,link for catchment SC #33,Laurenson Flow Routing
SC #30,link for catchment SC #30,Laurenson Flow Routing
SC #34,link for catchment SC #34,Laurenson Flow Routing
SC #27,link for catchment SC #27,Laurenson Flow Routing
SC #13,link for catchment SC #13,Laurenson Flow Routing
SC #9,link for catchment SC #9,Laurenson Flow Routing
SC #12,link for catchment SC #12,Laurenson Flow Routing
SC #14,link for catchment SC #14,Laurenson Flow Routing
SC #19,link for catchment SC #19,Laurenson Flow Routing
SC #31,link for catchment SC #31,Laurenson Flow Routing
SC #32,link for catchment SC #32,Laurenson Flow Routing
SC #22,link for catchment SC #22,Laurenson Flow Routing
SC #8,link for catchment SC #8,Laurenson Flow Routing
SC #5,link for catchment SC #5,Laurenson Flow Routing
SC #4,link for catchment SC #4,Laurenson Flow Routing
SC #0,link for catchment SC #0,Laurenson Flow Routing
SC #1,link for catchment SC #1,Laurenson Flow Routing
SC #26,link for catchment SC #26,Laurenson Flow Routing
SC #23,link for catchment SC #23,Laurenson Flow Routing
SC #38,link for catchment SC #38,Laurenson Flow Routing
SC #36,link for catchment SC #36,Laurenson Flow Routing
SC #40,link for catchment SC #40,Laurenson Flow Routing
SC #18,link for catchment SC #18,Laurenson Flow Routing
SC #3,link for catchment SC #3,Laurenson Flow Routing
SC #2,link for catchment SC #2,Laurenson Flow Routing
SC #17,link for catchment SC #17,Laurenson Flow Routing
SC #7,link for catchment SC #7,Laurenson Flow Routing
SC #6,link for catchment SC #6,Laurenson Flow Routing
SC #47,link for catchment SC #47,Laurenson Flow Routing
SC #64,link for catchment SC #64,Laurenson Flow Routing
SC #41,link for catchment SC #41,Laurenson Flow Routing
SC #67,link for catchment SC #67,Laurenson Flow Routing
SC #81,link for catchment SC #81,Laurenson Flow Routing
SC #93,link for catchment SC #93,Laurenson Flow Routing
SC #98,link for catchment SC #98,Laurenson Flow Routing
SC #101,link for catchment SC #101,Laurenson Flow Routing
SC #94,link for catchment SC #94,Laurenson Flow Routing
SC #76,link for catchment SC #76,Laurenson Flow Routing
SC #73,link for catchment SC #73,Laurenson Flow Routing
SC #66,link for catchment SC #66,Laurenson Flow Routing
SC #25,link for catchment SC #25,Laurenson Flow Routing
SC #62,link for catchment SC #62,Laurenson Flow Routing
SC #11,link for catchment SC #11,Laurenson Flow Routing
SC #15,link for catchment SC #15,Laurenson Flow Routing
SC #42,link for catchment SC #42,Laurenson Flow Routing
SC #60,link for catchment SC #60,Laurenson Flow Routing
SC #71,link for catchment SC #71,Laurenson Flow Routing
SC #68,link for catchment SC #68,Laurenson Flow Routing
SC #20,link for catchment SC #20,Laurenson Flow Routing
SC #75,link for catchment SC #75,Laurenson Flow Routing
SC #96,link for catchment SC #96,Laurenson Flow Routing
SC #78,link for catchment SC #78,Laurenson Flow Routing
SC #58,link for catchment SC #58,Laurenson Flow Routing
SC #85,link for catchment SC #85,Laurenson Flow Routing
SC #118,link for catchment SC #118,Laurenson Flow Routing
SC #128,link for catchment SC #128,Laurenson Flow Routing
SC #166,link for catchment SC #166,Laurenson Flow Routing
SC #195,link for catchment SC #195,Laurenson Flow Routing
SC #197,link for catchment SC #197,Laurenson Flow Routing
SC #244,link for catchment SC #244,Laurenson Flow Routing
SC #313,link for catchment SC #313,Laurenson Flow Routing
SC #350,link for catchment SC #350,Laurenson Flow Routing
SC #479,link for catchment SC #479,Laurenson Flow Routing
SC #482,link for catchment SC #482,Laurenson Flow Routing
SC #474,link for catchment SC #474,Laurenson Flow Routing
SC #484,link for catchment SC #484,Laurenson Flow Routing
SC #446,link for catchment SC #446,Laurenson Flow Routing
SC #459,link for catchment SC #459,Laurenson Flow Routing
SC #391,link for catchment SC #391,Laurenson Flow Routing
SC #352,link for catchment SC #352,Laurenson Flow Routing
SC #365,link for catchment SC #365,Laurenson Flow Routing
SC #241,link for catchment SC #241,Laurenson Flow Routing
SC #301,link for catchment SC #301,Laurenson Flow Routing
SC #276,link for catchment SC #276,Laurenson Flow Routing
SC #529,link for catchment SC #529,Laurenson Flow Routing
SC #555,link for catchment SC #555,Laurenson Flow Routing
SC #519,link for catchment SC #519,Laurenson Flow Routing
SC #470,link for catchment SC #470,Laurenson Flow Routing
SC #483,link for catchment SC #483,Laurenson Flow Routing
SC #481,link for catchment SC #481,Laurenson Flow Routing
SC #496,link for catchment SC #496,Laurenson Flow Routing
SC #443,link for catchment SC #443,Laurenson Flow Routing
SC #629,link for catchment SC #629,Laurenson Flow Routing
SC #641,link for catchment SC #641,Laurenson Flow Routing
SC #711,link for catchment SC #711,Laurenson Flow Routing
SC #724,link for catchment SC #724,Laurenson Flow Routing
SC #623,link for catchment SC #623,Laurenson Flow Routing
SC #615,link for catchment SC #615,Laurenson Flow Routing
SC #586,link for catchment SC #586,Laurenson Flow Routing
SC #619,link for catchment SC #619,Laurenson Flow Routing
SC #688,link for catchment SC #688,Laurenson Flow Routing
SC #636,link for catchment SC #636,Laurenson Flow Routing
SC #630,link for catchment SC #630,Laurenson Flow Routing
SC #613,link for catchment SC #613,Laurenson Flow Routing
SC #565,link for catchment SC #565,Laurenson Flow Routing
SC #492,link for catchment SC #492,Laurenson Flow Routing
SC #503,link for catchment SC #503,Laurenson Flow Routing
SC #485,link for catchment SC #485,Laurenson Flow Routing
SC #507,link for catchment SC #507,Laurenson Flow Routing
SC #497,link for catchment SC #497,Laurenson Flow Routing
SC #399,link for catchment SC #399,Laurenson Flow Routing
SC #418,link for catchment SC #418,Laurenson Flow Routing
SC #417,link for catchment SC #417,Laurenson Flow Routing
SC #388,link for catchment SC #388,Laurenson Flow Routing
SC #444,link for catchment SC #444,Laurenson Flow Routing
SC #439,link for catchment SC #439,Laurenson Flow Routing
SC #509,link for catchment SC #509,Laurenson Flow Routing
SC #508,link for catchment SC #508,Laurenson Flow Routing
SC #584,link for catchment SC #584,Laurenson Flow Routing
SC #589,link for catchment SC #589,Laurenson Flow Routing
SC #616,link for catchment SC #616,Laurenson Flow Routing
SC #659,link for catchment SC #659,Laurenson Flow Routing
SC #656,link for catchment SC #656,Laurenson Flow Routing
SC #679,link for catchment SC #679,Laurenson Flow Routing
SC #643,link for catchment SC #643,Laurenson Flow Routing
SC #596,link for catchment SC #596,Laurenson Flow Routing
SC #536,link for catchment SC #536,Laurenson Flow Routing
SC #567,link for catchment SC #567,Laurenson Flow Routing
SC #551,link for catchment SC #551,Laurenson Flow Routing
SC #512,link for catchment SC #512,Laurenson Flow Routing
SC #90,link for catchment SC #90,Laurenson Flow Routing
SC #123,link for catchment SC #123,Laurenson Flow Routing
SC #24,link for catchment SC #24,Laurenson Flow Routing
SC #559,link for catchment SC #559,Laurenson Flow Routing
SC #1361,link for catchment SC #1361,Laurenson Flow Routing
SC #737,link for catchment SC #737,Laurenson Flow Routing
SC #918,link for catchment SC #918,Laurenson Flow Routing
SC #829,link for catchment SC #829,Laurenson Flow Routing
SC #795,link for catchment SC #795,Laurenson Flow Routing
SC #996,Eungella_Dam,Storage
SC #988,link for catchment SC #988,Laurenson Flow Routing
SC #308,link for catchment SC #308,Laurenson Flow Routing
SC #319,link for catchment SC #319,Laurenson Flow Routing
SC #53,link for catchment SC #53,Laurenson Flow Routing
SC #758,Burdekin_falls_dam,Storage
SC #184,link for catchment SC #184,Laurenson Flow Routing
SC #251,Ross_river_dam,Storage
SC #531,link for catchment SC #531,Laurenson Flow Routing
SC #558,link for catchment SC #558,Laurenson Flow Routing
SC #374,link for catchment SC #374,Laurenson Flow Routing
SC #833,link for catchment SC #833,Laurenson Flow Routing
SC #713,link for catchment SC #713,Laurenson Flow Routing
SC #776,link for catchment SC #776,Laurenson Flow Routing
SC #408,link for catchment SC #408,Laurenson Flow Routing
SC #628,link for catchment SC #628,Laurenson Flow Routing
SC #422,link for catchment SC #422,Laurenson Flow Routing
SC #486,link for catchment SC #486,Laurenson Flow Routing
SC #515,link for catchment SC #515,Laurenson Flow Routing
SC #332,link for catchment SC #332,Laurenson Flow Routing
SC #868,link for catchment SC #868,Laurenson Flow Routing
SC #403,link for catchment SC #403,Laurenson Flow Routing
SC #634,link for catchment SC #634,Laurenson Flow Routing
SC #491,link for catchment SC #491,Laurenson Flow Routing
SC #576,link for catchment SC #576,Laurenson Flow Routing
SC #1000,link for catchment SC #1000,Laurenson Flow Routing
SC #1085,link for catchment SC #1085,Laurenson Flow Routing
SC #1236,link for catchment SC #1236,Laurenson Flow Routing
SC #1117,link for catchment SC #1117,Laurenson Flow Routing
SC #903,link for catchment SC #903,Laurenson Flow Routing
SC #169,link for catchment SC #169,Laurenson Flow Routing
SC #138,link for catchment SC #138,Laurenson Flow Routing
SC #28,link for catchment SC #28,Laurenson Flow Routing
SC #163,link for catchment SC #163,Laurenson Flow Routing
SC #501,link for catchment SC #501,Laurenson Flow Routing
SC #344,link for catchment SC #344,Laurenson Flow Routing
SC #396,link for catchment SC #396,Laurenson Flow Routing
SC #235,link for catchment SC #235,Laurenson Flow Routing
SC #180,link for catchment SC #180,Laurenson Flow Routing
SC #164,link for catchment SC #164,Laurenson Flow Routing
SC #206,link for catchment SC #206,Laurenson Flow Routing
SC #316,link for catchment SC #316,Laurenson Flow Routing
SC #368,link for catchment SC #368,Laurenson Flow Routing
SC #204,link for catchment SC #204,Laurenson Flow Routing
SC #745,link for catchment SC #745,Laurenson Flow Routing
SC #1104,link for catchment SC #1104,Laurenson Flow Routing
SC #780,link for catchment SC #780,Laurenson Flow Routing
SC #132,link for catchment SC #132,Laurenson Flow Routing
SC #727,link for catchment SC #727,Laurenson Flow Routing
SC #342,link for catchment SC #342,Laurenson Flow Routing
SC #104,link for catchment SC #104,Laurenson Flow Routing
SC #122,link for catchment SC #122,Laurenson Flow Routing
SC #147,link for catchment SC #147,Laurenson Flow Routing
SC #154,link for catchment SC #154,Laurenson Flow Routing
SC #165,link for catchment SC #165,Laurenson Flow Routing
SC #8001,link for catchment SC #8001,Straight-Through Routing
SC #8003,link for catchment SC #8003,Straight-Through Routing
SC #190,link for catchment SC #190,Laurenson Flow Routing
SC #201,link for catchment SC #201,Laurenson Flow Routing
SC #200,link for catchment SC #200,Laurenson Flow Routing
SC #8004,link for catchment SC #8004,Straight-Through Routing
SC #245,link for catchment SC #245,Laurenson Flow Routing
SC #253,link for catchment SC #253,Laurenson Flow Routing
SC #258,link for catchment SC #258,Laurenson Flow Routing
SC #8005,link for catchment SC #8005,Straight-Through Routing
SC #263,link for catchment SC #263,Laurenson Flow Routing
SC #255,link for catchment SC #255,Laurenson Flow Routing
SC #260,link for catchment SC #260,Laurenson Flow Routing
SC #294,link for catchment SC #294,Laurenson Flow Routing
SC #8006,link for catchment SC #8006,Straight-Through Routing
SC #328,link for catchment SC #328,Laurenson Flow Routing
SC #360,link for catchment SC #360,Laurenson Flow Routing
SC #372,link for catchment SC #372,Laurenson Flow Routing
SC #8007,link for catchment SC #8007,Straight-Through Routing
SC #387,link for catchment SC #387,Laurenson Flow Routing
SC #424,link for catchment SC #424,Laurenson Flow Routing
SC #441,link for catchment SC #441,Laurenson Flow Routing
SC #437,link for catchment SC #437,Laurenson Flow Routing
SC #445,link for catchment SC #445,Laurenson Flow Routing
SC #447,link for catchment SC #447,Laurenson Flow Routing
SC #462,link for catchment SC #462,Laurenson Flow Routing
SC #478,link for catchment SC #478,Laurenson Flow Routing
SC #8008,link for catchment SC #8008,Straight-Through Routing
SC #471,link for catchment SC #471,Laurenson Flow Routing
SC #500,link for catchment SC #500,Laurenson Flow Routing
SC #498,link for catchment SC #498,Laurenson Flow Routing
SC #664,link for catchment SC #664,Laurenson Flow Routing
SC #155,link for catchment SC #155,Laurenson Flow Routing
SC #8002,link for catchment SC #8002,Straight-Through Routing
SC #167,link for catchment SC #167,Laurenson Flow Routing
